Input used in your Centrifuge experiment for project Case 5 SCA Comparative study SCORES results,,,,,,,
"This run was submitted by Jos_Maas, E-mail jgmaas@euronet.nl",,,,,,,
Gridblocks,100, ,Vert/Hor, V , ,LevJ, OFF
Footbath , OFF ,Flooding , Drainage,,,,
Core_length,10, CM ,Core_diam,4, CM,,
Porosity,0.25, ,Permeability,100, MDARCY,,
Flooding , Drainage ,,,,,,
Swi,0.99999,,,,,,
Sw, krw,,,,,,
0.3,0,,,,,,
0.314,8.5e-06,,,,,,
0.329,6.8e-05,,,,,,
0.343,0.00023,,,,,,
0.357,0.000544,,,,,,
0.371,0.00106,,,,,,
0.386,0.00184,,,,,,
0.4,0.00292,,,,,,
0.414,0.00435,,,,,,
0.429,0.0062,,,,,,
0.443,0.0085,,,,,,
0.457,0.0113,,,,,,
0.471,0.0147,,,,,,
0.486,0.0187,,,,,,
0.5,0.0233,,,,,,
0.514,0.0287,,,,,,
0.529,0.0348,,,,,,
0.543,0.0418,,,,,,
0.557,0.0496,,,,,,
0.571,0.0583,,,,,,
0.586,0.068,,,,,,
0.6,0.0787,,,,,,
0.614,0.0905,,,,,,
0.629,0.103,,,,,,
0.643,0.118,,,,,,
0.657,0.133,,,,,,
0.671,0.149,,,,,,
0.686,0.167,,,,,,
0.7,0.187,,,,,,
0.714,0.207,,,,,,
0.729,0.23,,,,,,
0.743,0.253,,,,,,
0.757,0.279,,,,,,
0.771,0.306,,,,,,
0.786,0.334,,,,,,
0.8,0.364,,,,,,
0.814,0.397,,,,,,
0.829,0.431,,,,,,
0.843,0.466,,,,,,
0.857,0.504,,,,,,
0.871,0.544,,,,,,
0.886,0.586,,,,,,
0.9,0.63,,,,,,
0.914,0.676,,,,,,
0.929,0.724,,,,,,
0.943,0.775,,,,,,
0.957,0.827,,,,,,
0.971,0.883,,,,,,
0.986,0.94,,,,,,
1,1,,,,,,
Sw, kro,,,,,,
0.3,1,,,,,,
0.314,0.96,,,,,,
0.329,0.92,,,,,,
0.343,0.881,,,,,,
0.357,0.843,,,,,,
0.371,0.806,,,,,,
0.386,0.77,,,,,,
0.4,0.735,,,,,,
0.414,0.7,,,,,,
0.429,0.666,,,,,,
0.443,0.634,,,,,,
0.457,0.601,,,,,,
0.471,0.57,,,,,,
0.486,0.54,,,,,,
0.5,0.51,,,,,,
0.514,0.482,,,,,,
0.529,0.454,,,,,,
0.543,0.427,,,,,,
0.557,0.4,,,,,,
0.571,0.375,,,,,,
0.586,0.35,,,,,,
0.6,0.327,,,,,,
0.614,0.304,,,,,,
0.629,0.282,,,,,,
0.643,0.26,,,,,,
0.657,0.24,,,,,,
0.671,0.22,,,,,,
0.686,0.202,,,,,,
0.7,0.184,,,,,,
0.714,0.167,,,,,,
0.729,0.15,,,,,,
0.743,0.135,,,,,,
0.757,0.12,,,,,,
0.771,0.107,,,,,,
0.786,0.0937,,,,,,
0.8,0.0816,,,,,,
0.814,0.0704,,,,,,
0.829,0.06,,,,,,
0.843,0.0504,,,,,,
0.857,0.0417,,,,,,
0.871,0.0337,,,,,,
0.886,0.0267,,,,,,
0.9,0.0204,,,,,,
0.914,0.015,,,,,,
0.929,0.0104,,,,,,
0.943,0.00666,,,,,,
0.957,0.00375,,,,,,
0.971,0.00167,,,,,,
0.986,0.000417,,,,,,
1,0,,,,,,
Sw, Pc,,,,,,
0.3,2.068, BAR,,,,,
0.314,1.609, BAR,,,,,
0.329,1.316, BAR,,,,,
0.343,1.114, BAR,,,,,
0.357,0.965, BAR,,,,,
0.371,0.852, BAR,,,,,
0.386,0.762, BAR,,,,,
0.4,0.689, BAR,,,,,
0.414,0.63, BAR,,,,,
0.429,0.579, BAR,,,,,
0.443,0.536, BAR,,,,,
0.457,0.499, BAR,,,,,
0.471,0.467, BAR,,,,,
0.486,0.439, BAR,,,,,
0.5,0.414, BAR,,,,,
0.514,0.391, BAR,,,,,
0.529,0.371, BAR,,,,,
0.543,0.353, BAR,,,,,
0.557,0.337, BAR,,,,,
0.571,0.322, BAR,,,,,
0.586,0.308, BAR,,,,,
0.6,0.296, BAR,,,,,
0.614,0.284, BAR,,,,,
0.629,0.273, BAR,,,,,
0.643,0.263, BAR,,,,,
0.657,0.254, BAR,,,,,
0.671,0.246, BAR,,,,,
0.686,0.237, BAR,,,,,
0.7,0.23, BAR,,,,,
0.714,0.223, BAR,,,,,
0.729,0.216, BAR,,,,,
0.743,0.21, BAR,,,,,
0.757,0.204, BAR,,,,,
0.771,0.199, BAR,,,,,
0.786,0.193, BAR,,,,,
0.8,0.188, BAR,,,,,
0.814,0.183, BAR,,,,,
0.829,0.179, BAR,,,,,
0.843,0.175, BAR,,,,,
0.857,0.171, BAR,,,,,
0.871,0.166, BAR,,,,,
0.886,0.163, BAR,,,,,
0.9,0.159, BAR,,,,,
0.914,0.156, BAR,,,,,
0.929,0.152, BAR,,,,,
0.943,0.149, BAR,,,,,
0.957,0.147, BAR,,,,,
0.971,0.144, BAR,,,,,
0.986,0.141, BAR,,,,,
1,0.138, BAR,,,,,
,,,,,,,
Water_density,1, G/CM3 ,Oil_density,0.8, G/CM3,,
Water_visc,1, CP ,Oil_visc,5, CP,,
IFT,0.03, N/M,,,,,
time(HOUR), RPM,,,,,,
0,200,,,,,,
5,500,,,,,,
10,1000,,,,,,
15,2000,,,,,,
20,3000,,,,,,
25,5000,,,,,,
Radius_centre ,29.142, CM ,,,,,
Startup_time ,0, S ,rpm_limit ,5000,,,
T_end ,30, HOUR,,,,,
Start_timestep ,0.1, S ,Max_timestep ,10, HOUR,,
Max_sat_change ,0.01, ,Max_incr ,1.2,,,
,,,,,,,
 ,,,,,,,
Simulated by DuMuX: Wed Jun  8 04:05:00 2016,,,,,,,
,,,,,,,
,,,,,,,
"Note that Delta_Pwat and Delta_Poil are measured just inside the core in the individual phases, while Dp is measured just outside the core, i.e. under Pc=0 conditions, as normally prevail in the lab ",,,,,,,
,,,,,,,
, Time , Meansat , top_sat , bot_sat , water_prod ,,
, (s) , (m3/m3) , (m3/m3) , (m3/m3) , (cm3) ,,
1,0.1,0.99999,0.99999,0.99999,0,,
2,0.1724626,0.99999,0.9999897,0.9999904,0,,
3,0.2291799,0.99999,0.9999895,0.9999907,0,,
4,0.2972406,0.99999,0.9999893,0.999991,0,,
5,0.3789134,0.99999,0.9999891,0.9999914,0,,
6,0.4769208,0.99999,0.9999888,0.9999918,0,,
7,0.5945297,0.99999,0.9999884,0.9999923,0,,
8,0.7356603,0.99999,0.9999881,0.9999929,0,,
9,0.9050171,0.99999,0.9999877,0.9999935,0,,
10,1.108245,0.99999,0.9999872,0.9999941,0,,
11,1.352119,0.99999,0.9999868,0.9999948,0,,
12,1.644768,0.99999,0.9999863,0.9999955,0,,
13,1.995946,0.99999,0.9999858,0.9999962,0,,
14,2.41736,0.99999,0.9999854,0.9999969,0,,
15,2.923057,0.99999,0.9999849,0.9999976,0,,
16,3.529893,0.99999,0.9999845,0.9999982,0,,
17,4.258096,0.99999,0.9999842,0.9999987,0,,
18,5.131941,0.99999,0.9999839,0.9999991,0,,
19,6.180554,0.99999,0.9999837,0.9999994,0,,
20,7.438889,0.99999,0.9999835,0.9999997,0,,
21,8.948892,0.99999,0.9999834,0.9999998,0,,
22,10.7609,0.99999,0.9999833,0.9999999,0,,
23,12.9353,0.99999,0.9999833,1,0,,
24,15.54459,0.99999,0.9999833,1,0,,
25,18.67573,0.99999,0.9999833,1,0,,
26,22.4331,0.99999,0.9999833,1,0,,
27,26.94195,0.99999,0.9999832,1,0,,
28,32.35256,0.99999,0.9999832,1,0,,
29,38.8453,0.99999,0.9999832,1,0,,
30,46.63658,0.99999,0.9999832,1,0,,
31,55.98613,0.99999,0.9999831,1,0,,
32,67.20558,0.99999,0.9999831,1,0,,
33,80.66893,0.99999,0.9999831,1,0,,
34,96.82494,0.99999,0.999983,1,0,,
35,116.2122,0.99999,0.999983,1,0,,
36,139.4768,0.99999,0.9999829,1,0,,
37,167.3944,0.99999,0.9999828,1,0,,
38,200.8955,0.99999,0.9999827,1,0,,
39,241.0969,0.99999,0.9999826,1,0,,
40,289.3385,0.99999,0.9999824,1,0,,
41,347.2284,0.99999,0.9999823,1,0,,
42,416.6963,0.99999,0.999982,1,0,,
43,500.0578,0.99999,0.9999818,1,0,,
44,600.0917,0.99999,0.9999815,1,0,,
45,720.1323,0.99999,0.9999811,1,0,,
46,864.181,0.99999,0.9999807,1,0,,
47,1037.039,0.99999,0.9999802,1,0,,
48,1244.47,0.99999,0.9999795,1,0,,
49,1493.386,0.99999,0.9999788,1,0,,
50,1792.085,0.99999,0.9999779,1,0,,
51,2150.525,0.99999,0.9999768,1,0,,
52,2580.652,0.99999,0.9999755,1,0,,
53,3096.805,0.99999,0.999974,1,0,,
54,3716.188,0.99999,0.9999721,1,0,,
55,4459.448,0.99999,0.9999699,1,0,,
56,5351.36,0.99999,0.9999673,1,0,,
57,6421.654,0.99999,0.9999642,1,0,,
58,7706.008,0.99999,0.9999604,1,0,,
59,9247.232,0.99999,0.9999559,1,0,,
60,10916.89,0.99999,0.9999511,1,0,,
61,12920.48,0.99999,0.9999454,1,0,,
62,15324.79,0.99999,0.9999385,1,0,,
63,18000,0.9999901,0.999931,1,0,,
64,18000.1,0.9999901,0.999931,1,0,,
65,18000.22,0.9999835,0.9936754,1,0.0003105656,,
66,18000.24,0.9999825,0.9927205,1,0.0003579879,,
67,18000.26,0.9999813,0.9915885,1,0.0004142256,,
68,18000.29,0.9999799,0.99025,1,0.0004807663,,
69,18000.32,0.9999782,0.988672,1,0.000559289,,
70,18000.36,0.9999762,0.9868186,1,0.0006516696,,
71,18000.4,0.9999739,0.9846517,1,0.0007599852,,
72,18000.46,0.9999712,0.9821318,1,0.0008865086,,
73,18000.53,0.9999681,0.9792225,1,0.001033636,,
74,18000.6,0.9999645,0.9758971,1,0.001203766,,
75,18000.7,0.9999604,0.9721512,1,0.001399078,,
76,18000.81,0.9999557,0.9680268,1,0.001621045,,
77,18000.95,0.9999504,0.9636245,1,0.001870585,,
78,18001.12,0.9999444,0.9590629,1,0.00215021,,
79,18001.32,0.9999377,0.9544237,1,0.002466124,,
80,18001.55,0.9999301,0.949768,1,0.002827294,,
81,18001.84,0.9999213,0.9452795,1,0.003239688,,
82,18002.18,0.9999114,0.9412569,1,0.003705425,,
83,18002.59,0.9999003,0.937845,1,0.004230005,,
84,18003.08,0.9998877,0.9349952,1,0.004822373,,
85,18003.67,0.9998735,0.9325474,1,0.005492939,,
86,18004.38,0.9998574,0.9302752,1,0.006251118,,
87,18005.24,0.9998394,0.9279234,1,0.007101149,,
88,18006.26,0.9998194,0.9255275,1,0.008042692,,
89,18007.48,0.9997972,0.9235058,1,0.009089335,,
90,18008.95,0.9997722,0.9219111,1,0.01026511,,
91,18010.72,0.9997444,0.9203011,1,0.01157846,,
92,18012.84,0.9997133,0.9186999,1,0.013039,,
93,18015.38,0.9996787,0.9172189,1,0.01466596,,
94,18018.43,0.9996398,0.9158361,1,0.01648167,,
95,18022.09,0.999596,0.9143882,1,0.01849603,,
96,18026.48,0.9995467,0.912763,1,0.02070606,,
97,18031.76,0.9994907,0.9112397,1,0.023142,,
98,18038.08,0.9994262,0.9098605,1,0.02584228,,
99,18045.67,0.9993527,0.9083863,1,0.0288053,,
100,18054.78,0.9992697,0.9069297,1,0.03203612,,
101,18065.71,0.9991769,0.905596,1,0.03555349,,
102,18078.83,0.9990743,0.9043385,1,0.03935795,,
103,18094.57,0.9989615,0.9031652,1,0.04344253,,
104,18113.46,0.9988353,0.902235,1,0.04787106,,
105,18136.12,0.9986943,0.901483,1,0.05270811,,
106,18163.32,0.9985393,0.9007684,1,0.05794644,,
107,18195.96,0.9983715,0.9000855,1,0.06355811,,
108,18233.75,0.9981977,0.899471,1,0.0693258,,
109,18279.1,0.9980101,0.8989458,1,0.07547578,,
110,18333.51,0.9978056,0.8985286,1,0.08210175,,
111,18397.23,0.9975907,0.8981507,1,0.0890408,,
112,18473.7,0.9973631,0.8977778,1,0.0963777,,
113,18565.46,0.9971227,0.8974415,1,0.1040987,,
114,18670.72,0.9968762,0.8971771,1,0.1119692,,
115,18797.03,0.9966146,0.8969348,1,0.1203086,,
116,18948.61,0.9963411,0.8966999,1,0.1290197,,
117,19123.53,0.9960647,0.8965013,1,0.1378021,,
118,19333.44,0.995774,0.8963313,1,0.1470214,,
119,19585.34,0.9954726,0.8961702,1,0.1565693,,
120,19887.61,0.9951631,0.8960237,1,0.1663667,,
121,20250.34,0.9948456,0.8958982,1,0.1764055,,
122,20685.61,0.9945242,0.8957842,1,0.1865593,,
123,21207.94,0.9942027,0.8956825,1,0.1967082,,
124,21834.73,0.9938826,0.8955964,1,0.2068061,,
125,22586.88,0.9935688,0.8955205,1,0.216701,,
126,23489.46,0.9932669,0.8954538,1,0.2262184,,
127,24572.55,0.9929792,0.8953986,1,0.2352832,,
128,25872.27,0.9927095,0.8953524,1,0.2437768,,
129,27431.93,0.9924631,0.8953134,1,0.2515377,,
130,29303.52,0.9922433,0.8952816,1,0.2584575,,
131,31549.43,0.9920516,0.8952566,1,0.2644921,,
132,34244.52,0.9918891,0.8952373,1,0.2696054,,
133,36000,0.9918051,0.8952277,1,0.2722487,,
134,36000.1,0.9918051,0.8952277,1,0.2722488,,
135,36000.22,0.9916683,0.8087126,1,0.2786864,,
136,36000.23,0.9916612,0.804475,1,0.279021,,
137,36000.23,0.9916527,0.7997628,1,0.279421,,
138,36000.24,0.9916425,0.7945865,1,0.2798992,,
139,36000.25,0.9916304,0.7889732,1,0.2804705,,
140,36000.27,0.9916159,0.7829723,1,0.2811527,,
141,36000.28,0.9915986,0.7766616,1,0.2819667,,
142,36000.3,0.991578,0.7701413,1,0.282938,,
143,36000.32,0.9915533,0.763434,1,0.2840973,,
144,36000.35,0.9915239,0.7565784,1,0.2854806,,
145,36000.38,0.9914915,0.7502225,1,0.2870065,,
146,36000.41,0.9914593,0.7448933,1,0.2885181,,
147,36000.44,0.9914271,0.7398395,1,0.2900346,,
148,36000.47,0.9913932,0.7345553,1,0.2916289,,
149,36000.51,0.9913564,0.7291117,1,0.2933573,,
150,36000.54,0.9913164,0.7234942,1,0.2952311,,
151,36000.59,0.9912722,0.7176613,1,0.2973069,,
152,36000.63,0.991222,0.7119946,1,0.2996572,,
153,36000.69,0.991166,0.7064738,1,0.302274,,
154,36000.75,0.991103,0.700684,1,0.3052084,,
155,36000.82,0.9910297,0.6947043,1,0.3086028,,
156,36000.89,0.99096,0.689659,1,0.311812,,
157,36000.95,0.9908922,0.6852961,1,0.3149146,,
158,36001.02,0.9908252,0.6815224,1,0.3179614,,
159,36001.08,0.9907583,0.6780996,1,0.3209749,,
160,36001.15,0.9906893,0.6747485,1,0.3240507,,
161,36001.21,0.990617,0.6713539,1,0.3272405,,
162,36001.29,0.9905408,0.6678268,1,0.3305626,,
163,36001.36,0.9904589,0.664172,1,0.3340878,,
164,36001.45,0.9903704,0.6604377,1,0.3378513,,
165,36001.53,0.9902752,0.656504,1,0.341836,,
166,36001.63,0.9901693,0.6522176,1,0.3461927,,
167,36001.74,0.9900502,0.6477694,1,0.3510284,,
168,36001.86,0.9899183,0.643444,1,0.3563058,,
169,36001.99,0.9897713,0.6392418,1,0.362101,,
170,36002.12,0.9896241,0.6353869,1,0.3678243,,
171,36002.25,0.9894822,0.6318948,1,0.3732737,,
172,36002.37,0.9893431,0.6287233,1,0.3785583,,
173,36002.49,0.9892056,0.6257675,1,0.3837345,,
174,36002.61,0.989066,0.622841,1,0.3889525,,
175,36002.74,0.988922,0.6198681,1,0.394286,,
176,36002.87,0.988773,0.6169064,1,0.3997628,,
177,36003,0.9886165,0.6140404,1,0.4054746,,
178,36003.15,0.9884512,0.6113597,1,0.4114526,,
179,36003.3,0.988277,0.6088055,1,0.4176995,,
180,36003.46,0.9880874,0.6061667,1,0.4244445,,
181,36003.64,0.9878796,0.6033602,1,0.4317792,,
182,36003.84,0.9876563,0.6003756,1,0.4396002,,
183,36004.04,0.9874279,0.5973238,1,0.4475362,,
184,36004.22,0.987211,0.5944792,1,0.4550178,,
185,36004.41,0.9870008,0.5918388,1,0.4622264,,
186,36004.59,0.9867952,0.5894262,1,0.4692366,,
187,36004.76,0.98659,0.5872007,1,0.4762049,,
188,36004.95,0.9863795,0.5850486,1,0.4833356,,
189,36005.14,0.9861629,0.5828903,1,0.4906504,,
190,36005.34,0.9859378,0.580674,1,0.4982325,,
191,36005.55,0.9857005,0.5783845,1,0.5061956,,
192,36005.77,0.9854513,0.5760677,1,0.5145244,,
193,36006,0.9851849,0.5737166,1,0.523402,,
194,36006.26,0.9848977,0.5713404,1,0.5329412,,
195,36006.51,0.9846177,0.5691666,1,0.5422182,,
196,36006.75,0.984352,0.5672178,1,0.5510014,,
197,36006.99,0.9840949,0.5654119,1,0.5594834,,
198,36007.21,0.9838438,0.5637075,1,0.5677534,,
199,36007.44,0.9835957,0.5620782,1,0.5759057,,
200,36007.68,0.9833412,0.5604563,1,0.5842569,,
201,36007.92,0.9830772,0.5588306,1,0.5929008,,
202,36008.17,0.9828027,0.5571982,1,0.6018789,,
203,36008.44,0.9825133,0.5555152,1,0.6113316,,
204,36008.73,0.9822084,0.5537626,1,0.6212819,,
205,36009.03,0.9818861,0.5519391,1,0.631783,,
206,36009.34,0.981568,0.5501769,1,0.6421276,,
207,36009.63,0.9812639,0.5485362,1,0.6520048,,
208,36009.91,0.9809707,0.5470048,1,0.6615169,,
209,36010.18,0.9806833,0.5455577,1,0.670829,,
210,36010.46,0.9804009,0.5441918,1,0.6799679,,
211,36010.73,0.9801171,0.5428755,1,0.6891466,,
212,36011.02,0.9798217,0.541559,1,0.6986912,,
213,36011.33,0.9795142,0.5402401,1,0.7086159,,
214,36011.64,0.9791919,0.5389064,1,0.7190094,,
215,36011.99,0.9788492,0.5375349,1,0.7300525,,
216,36012.35,0.9784872,0.5361383,1,0.7417067,,
217,36012.69,0.9781468,0.5348633,1,0.7526576,,
218,36013.03,0.977818,0.5336543,1,0.76323,,
219,36013.35,0.9775003,0.5325015,1,0.7734397,,
220,36013.67,0.9771866,0.5313744,1,0.7835143,,
221,36013.99,0.9768764,0.5302677,1,0.7934743,,
222,36014.31,0.9765668,0.5291725,1,0.8034093,,
223,36014.65,0.9762437,0.5280361,1,0.8137689,,
224,36015,0.9759043,0.5268477,1,0.8246467,,
225,36015.38,0.9755488,0.5256178,1,0.8360321,,
226,36015.78,0.9751706,0.5243322,1,0.8481384,,
227,36016.17,0.9748015,0.5231113,1,0.8599458,,
228,36016.55,0.9744499,0.5219881,1,0.8711847,,
229,36016.92,0.9741043,0.5209172,1,0.8822293,,
230,36017.29,0.9737691,0.5199076,1,0.8929379,,
231,36017.65,0.9734358,0.5189321,1,0.9035794,,
232,36018.02,0.9731028,0.5179855,1,0.9142109,,
233,36018.38,0.9727701,0.5170711,1,0.9248259,,
234,36018.77,0.9724226,0.5161464,1,0.9359131,,
235,36019.18,0.9720535,0.5151952,1,0.9476854,,
236,36019.62,0.9716645,0.5142277,1,0.9600858,,
237,36020.08,0.9712576,0.5132467,1,0.9730574,,
238,36020.5,0.9708884,0.5123804,1,0.9848216,,
239,36020.9,0.9705316,0.5115655,1,0.9961902,,
240,36021.32,0.9701732,0.5107657,1,1.007607,,
241,36021.72,0.9698225,0.5099988,1,1.018773,,
242,36022.13,0.9694721,0.5092463,1,1.029928,,
243,36022.54,0.9691181,0.5084998,1,1.041191,,
244,36022.96,0.968763,0.5077667,1,1.052489,,
245,36023.4,0.968392,0.507018,1,1.064288,,
246,36023.87,0.9679956,0.506236,1,1.07689,,
247,36024.37,0.9675734,0.505424,1,1.090305,,
248,36024.84,0.9671809,0.5046829,1,1.102776,,
249,36025.28,0.9668155,0.5040033,1,1.114382,,
250,36025.71,0.9664631,0.50336,1,1.125571,,
251,36026.15,0.9661007,0.5027105,1,1.137075,,
252,36026.6,0.9657389,0.5020732,1,1.14856,,
253,36027.05,0.9653759,0.5014436,1,1.160077,,
254,36027.5,0.9650054,0.5008086,1,1.171833,,
255,36027.97,0.9646307,0.5001742,1,1.183721,,
256,36028.46,0.964242,0.4995259,1,1.196047,,
257,36028.98,0.9638261,0.4988436,1,1.209236,,
258,36029.5,0.9634136,0.4981789,1,1.222314,,
259,36029.99,0.9630326,0.4975755,1,1.234391,,
260,36030.46,0.9626665,0.4970026,1,1.245995,,
261,36030.9,0.9623195,0.4964666,1,1.256993,,
262,36031.36,0.9619681,0.4959317,1,1.268126,,
263,36031.83,0.9616033,0.4953833,1,1.279685,,
264,36032.31,0.9612362,0.4948388,1,1.291312,,
265,36032.8,0.9608605,0.4942875,1,1.303213,,
266,36033.31,0.9604729,0.4937248,1,1.315486,,
267,36033.84,0.9600775,0.4931584,1,1.328009,,
268,36034.4,0.9596575,0.4925656,1,1.341304,,
269,36034.96,0.9592364,0.4919791,1,1.354635,,
270,36035.48,0.9588522,0.4914522,1,1.366795,,
271,36035.98,0.9584856,0.490957,1,1.378395,,
272,36036.46,0.9581285,0.4904796,1,1.389697,,
273,36036.93,0.9577849,0.4900272,1,1.400567,,
274,36037.42,0.957429,0.4895654,1,1.411825,,
275,36037.93,0.9570566,0.4890887,1,1.423605,,
276,36038.45,0.9566795,0.488612,1,1.435533,,
277,36038.99,0.9562899,0.488125,1,1.447855,,
278,36039.56,0.9558842,0.4876231,1,1.460684,,
279,36040.15,0.9554662,0.4871128,1,1.473901,,
280,36040.76,0.9550326,0.4865897,1,1.487608,,
281,36041.33,0.9546348,0.4861132,1,1.500186,,
282,36041.86,0.954264,0.4856726,1,1.511906,,
283,36042.37,0.9539058,0.4852496,1,1.52323,,
284,36042.88,0.9535514,0.4848322,1,1.534433,,
285,36043.38,0.9532081,0.4844308,1,1.545282,,
286,36043.89,0.9528517,0.4840174,1,1.556547,,
287,36044.45,0.9524717,0.48358,1,1.568555,,
288,36045.02,0.9520832,0.4831371,1,1.580832,,
289,36045.61,0.9516825,0.4826844,1,1.593495,,
290,36046.23,0.9512625,0.4822141,1,1.606764,,
291,36046.88,0.9508256,0.4817309,1,1.620568,,
292,36047.5,0.9504114,0.4812784,1,1.633654,,
293,36048.07,0.950027,0.4808621,1,1.645797,,
294,36048.62,0.9496618,0.4804698,1,1.657331,,
295,36049.16,0.9493109,0.4800967,1,1.668415,,
296,36049.69,0.9489593,0.4797255,1,1.679522,,
297,36050.22,0.9486137,0.4793637,1,1.690438,,
298,36050.75,0.9482663,0.4790046,1,1.70141,,
299,36051.33,0.9478899,0.4786199,1,1.713298,,
300,36051.94,0.9474934,0.47822,1,1.725817,,
301,36052.58,0.9470849,0.4778136,1,1.738718,,
302,36053.24,0.946659,0.4773953,1,1.752164,,
303,36053.94,0.946213,0.4769635,1,1.766249,,
304,36054.59,0.9458014,0.4765718,1,1.779243,,
305,36055.19,0.9454229,0.4762168,1,1.791194,,
306,36055.77,0.9450599,0.4758801,1,1.802653,,
307,36056.33,0.9447099,0.475559,1,1.813701,,
308,36056.88,0.944366,0.4752473,1,1.824558,,
309,36057.44,0.9440168,0.4749335,1,1.835581,,
310,36057.99,0.9436728,0.4746276,1,1.84644,,
311,36058.57,0.9433185,0.474317,1,1.857624,,
312,36059.2,0.9429297,0.4739802,1,1.869892,,
313,36059.87,0.9425192,0.4736292,1,1.882848,,
314,36060.57,0.9420918,0.473269,1,1.896338,,
315,36061.31,0.9416451,0.4728974,1,1.910435,,
316,36062.02,0.9412168,0.4725464,1,1.92395,,
317,36062.66,0.9408315,0.4722362,1,1.936108,,
318,36063.27,0.9404711,0.4719504,1,1.94748,,
319,36063.85,0.9401213,0.4716766,1,1.958517,,
320,36064.43,0.9397799,0.4714128,1,1.969287,,
321,36065,0.939443,0.4711561,1,1.979918,,
322,36065.58,0.9390979,0.470896,1,1.990803,,
323,36066.17,0.9387547,0.4706399,1,2.001631,,
324,36066.77,0.9384037,0.4703814,1,2.012703,,
325,36067.43,0.9380165,0.4700989,1,2.024916,,
326,36068.15,0.9376011,0.4697991,1,2.038019,,
327,36068.9,0.9371656,0.4694883,1,2.051754,,
328,36069.7,0.9367093,0.4691657,1,2.066148,,
329,36070.43,0.9362872,0.4688704,1,2.079458,,
330,36071.11,0.9359041,0.468606,1,2.091542,,
331,36071.74,0.9355437,0.4683606,1,2.102907,,
332,36072.36,0.9351929,0.4681242,1,2.113967,,
333,36072.97,0.9348496,0.4678952,1,2.124793,,
334,36073.58,0.9345095,0.4676711,1,2.135517,,
335,36074.2,0.9341595,0.4674422,1,2.146552,,
336,36074.83,0.9338105,0.467216,1,2.157556,,
337,36075.47,0.9334535,0.4669874,1,2.168811,,
338,36076.18,0.9330583,0.4667362,1,2.181273,,
339,36076.96,0.932631,0.4664671,1,2.194742,,
340,36077.78,0.9321804,0.4661861,1,2.208947,,
341,36078.64,0.9317115,0.4658959,1,2.223727,,
342,36079.4,0.9312988,0.4656425,1,2.236737,,
343,36080.1,0.9309178,0.4654112,1,2.248747,,
344,36080.78,0.9305555,0.4651937,1,2.260166,,
345,36081.44,0.9302009,0.4649827,1,2.271342,,
346,36082.08,0.9298539,0.4647781,1,2.28228,,
347,36082.74,0.9295057,0.4645749,1,2.293255,,
348,36083.41,0.929146,0.4643664,1,2.304592,,
349,36084.09,0.9287892,0.4641617,1,2.315834,,
350,36084.79,0.9284162,0.46395,1,2.327591,,
351,36085.59,0.9280004,0.4637158,1,2.340693,,
352,36086.44,0.9275531,0.463466,1,2.354788,,
353,36087.35,0.9270796,0.4632042,1,2.36971,,
354,36088.21,0.9266339,0.4629594,1,2.383753,,
355,36088.99,0.9262341,0.4627416,1,2.396348,,
356,36089.72,0.9258568,0.4625382,1,2.408239,,
357,36090.43,0.9254921,0.4623435,1,2.419728,,
358,36091.13,0.9251341,0.4621537,1,2.431009,,
359,36091.82,0.9247822,0.4619691,1,2.442093,,
360,36092.54,0.9244207,0.4617809,1,2.453484,,
361,36093.27,0.9240512,0.4615897,1,2.465122,,
362,36094,0.9236829,0.4614011,1,2.476727,,
363,36094.8,0.9232807,0.4611971,1,2.489395,,
364,36095.69,0.9228359,0.4609726,1,2.503408,,
365,36096.65,0.9223611,0.4607348,1,2.518364,,
366,36097.61,0.9218881,0.4604992,1,2.533262,,
367,36098.45,0.9214722,0.4602933,1,2.546365,,
368,36099.24,0.9210834,0.4601024,1,2.558611,,
369,36100.01,0.9207086,0.45992,1,2.570416,,
370,36100.77,0.9203405,0.4597422,1,2.58201,,
371,36101.51,0.9199805,0.4595695,1,2.593348,,
372,36102.26,0.9196164,0.4593964,1,2.604815,,
373,36103.05,0.9192374,0.4592171,1,2.616752,,
374,36103.83,0.9188606,0.4590405,1,2.62862,,
375,36104.66,0.918463,0.4588562,1,2.641141,,
376,36105.6,0.9180167,0.4586508,1,2.655196,,
377,36106.61,0.9175369,0.4584314,1,2.670308,,
378,36107.65,0.9170493,0.4582099,1,2.685661,,
379,36108.56,0.9166224,0.4580171,1,2.699104,,
380,36109.4,0.9162269,0.4578396,1,2.71156,,
381,36110.22,0.9158442,0.4576694,1,2.723612,,
382,36111.03,0.9154671,0.4575029,1,2.735485,,
383,36111.83,0.9150985,0.4573412,1,2.747093,,
384,36112.63,0.9147287,0.4571803,1,2.758737,,
385,36113.47,0.9143415,0.4570125,1,2.770929,,
386,36114.32,0.9139535,0.4568456,1,2.783145,,
387,36115.21,0.9135501,0.456674,1,2.795847,,
388,36116.21,0.9130954,0.4564819,1,2.810164,,
389,36117.3,0.9126037,0.4562754,1,2.825644,,
390,36118.38,0.9121152,0.4560711,1,2.841024,,
391,36119.34,0.9116865,0.4558925,1,2.854524,,
392,36120.23,0.9112879,0.4557274,1,2.867071,,
393,36121.11,0.9108997,0.4555677,1,2.879295,,
394,36121.97,0.9105145,0.4554102,1,2.891422,,
395,36122.83,0.9101379,0.4552571,1,2.903277,,
396,36123.69,0.9097595,0.4551044,1,2.91519,,
397,36124.59,0.909362,0.4549446,1,2.927706,,
398,36125.51,0.9089633,0.4547854,1,2.940257,,
399,36126.47,0.9085457,0.4546206,1,2.953403,,
400,36127.56,0.9080725,0.4544354,1,2.968301,,
401,36128.74,0.9075626,0.4542372,1,2.984352,,
402,36129.86,0.9070855,0.4540526,1,2.999371,,
403,36130.85,0.9066633,0.4538902,1,3.012661,,
404,36131.78,0.9062643,0.4537375,1,3.02522,,
405,36132.71,0.905871,0.4535881,1,3.037601,,
406,36133.64,0.9054782,0.4534398,1,3.049964,,
407,36134.55,0.9050946,0.4532959,1,3.06204,,
408,36135.48,0.9047034,0.4531501,1,3.074355,,
409,36136.46,0.904293,0.4529975,1,3.087273,,
410,36137.45,0.9038832,0.4528464,1,3.100171,,
411,36138.52,0.9034404,0.4526849,1,3.114108,,
412,36139.73,0.9029377,0.4525029,1,3.12993,,
413,36141,0.9024191,0.4523163,1,3.146253,,
414,36142.11,0.9019648,0.4521535,1,3.160552,,
415,36143.12,0.901552,0.4520064,1,3.173544,,
416,36144.11,0.9011527,0.4518648,1,3.186111,,
417,36145.1,0.9007522,0.4517236,1,3.198718,,
418,36146.09,0.9003535,0.4515838,1,3.211265,,
419,36147.06,0.8999608,0.4514472,1,3.223625,,
420,36148.09,0.8995501,0.4513046,1,3.23655,,
421,36149.15,0.8991286,0.4511587,1,3.249818,,
422,36150.23,0.8987001,0.4510118,1,3.263303,,
423,36151.46,0.8982142,0.4508466,1,3.278594,,
424,36152.83,0.8976762,0.4506652,1,3.295528,,
425,36154.06,0.8971943,0.4505035,1,3.310692,,
426,36155.15,0.8967664,0.4503607,1,3.324159,,
427,36156.2,0.8963601,0.4502259,1,3.336946,,
428,36157.24,0.895956,0.4500926,1,3.34966,,
429,36158.31,0.8955462,0.4499583,1,3.362556,,
430,36159.36,0.8951429,0.449827,1,3.375248,,
431,36160.44,0.8947307,0.4496937,1,3.38822,,
432,36161.57,0.8942983,0.449554,1,3.401827,,
433,36162.71,0.8938663,0.4494153,1,3.415422,,
434,36163.96,0.8933933,0.4492648,1,3.430305,,
435,36165.4,0.8928511,0.4490936,1,3.447369,,
436,36166.73,0.8923517,0.4489367,1,3.463084,,
437,36167.92,0.8919105,0.4487989,1,3.476965,,
438,36169.03,0.8914973,0.4486706,1,3.489967,,
439,36170.13,0.8910899,0.4485446,1,3.502786,,
440,36171.26,0.8906738,0.4484166,1,3.515879,,
441,36172.39,0.8902587,0.4482899,1,3.528942,,
442,36173.53,0.8898396,0.4481629,1,3.54213,,
443,36174.74,0.8893979,0.4480293,1,3.556028,,
444,36175.96,0.8889552,0.4478959,1,3.569957,,
445,36177.26,0.888484,0.447755,1,3.584784,,
446,36178.79,0.8879366,0.4475925,1,3.602007,,
447,36180.2,0.8874301,0.4474428,1,3.617943,,
448,36181.45,0.8869822,0.4473112,1,3.632037,,
449,36182.63,0.886564,0.447189,1,3.645194,,
450,36183.79,0.8861524,0.4470693,1,3.658144,,
451,36184.99,0.8857308,0.4469473,1,3.671407,,
452,36186.2,0.8853059,0.4468252,1,3.684777,,
453,36187.43,0.8848759,0.4467027,1,3.698307,,
454,36188.73,0.8844218,0.4465738,1,3.712592,,
455,36190.04,0.8839667,0.446445,1,3.726911,,
456,36191.43,0.8834865,0.4463102,1,3.74202,,
457,36193.06,0.8829262,0.4461539,1,3.759648,,
458,36194.53,0.8824232,0.4460141,1,3.775474,,
459,36195.84,0.8819764,0.4458906,1,3.789529,,
460,36197.07,0.8815554,0.4457748,1,3.802773,,
461,36198.31,0.8811386,0.4456607,1,3.815886,,
462,36199.58,0.8807101,0.4455439,1,3.829366,,
463,36200.87,0.8802766,0.4454266,1,3.843006,,
464,36202.19,0.8798317,0.4453072,1,3.857,,
465,36203.61,0.8793611,0.4451814,1,3.871806,,
466,36205.02,0.8788932,0.4450569,1,3.886525,,
467,36206.53,0.8783922,0.4449246,1,3.902288,,
468,36208.24,0.8778301,0.444777,1,3.91997,,
469,36209.74,0.8773399,0.4446486,1,3.935391,,
470,36211.09,0.876899,0.4445337,1,3.94926,,
471,36212.4,0.8764762,0.444424,1,3.962563,,
472,36213.71,0.8760521,0.4443145,1,3.975903,,
473,36215.06,0.8756149,0.4442019,1,3.989657,,
474,36216.44,0.8751717,0.4440886,1,4.0036,,
475,36217.9,0.8747062,0.4439706,1,4.018242,,
476,36219.43,0.8742174,0.4438471,1,4.033618,,
477,36220.96,0.8737348,0.4437261,1,4.048799,,
478,36222.66,0.8731975,0.4435924,1,4.065699,,
479,36224.36,0.8726648,0.4434603,1,4.082456,,
480,36225.86,0.8721944,0.4433441,1,4.097255,,
481,36227.26,0.871759,0.4432369,1,4.110951,,
482,36228.63,0.8713329,0.4431326,1,4.124352,,
483,36230.04,0.8708981,0.4430264,1,4.138029,,
484,36231.49,0.8704517,0.4429178,1,4.152072,,
485,36232.98,0.8699933,0.442807,1,4.166491,,
486,36234.6,0.8694999,0.4426887,1,4.18201,,
487,36236.25,0.8689976,0.4425688,1,4.197809,,
488,36237.93,0.8684896,0.4424486,1,4.21379,,
489,36239.85,0.8679116,0.4423128,1,4.23197,,
490,36241.51,0.8674133,0.442196,1,4.247642,,
491,36243.02,0.866964,0.4420911,1,4.261774,,
492,36244.47,0.8665308,0.4419904,1,4.275399,,
493,36245.94,0.8660954,0.4418895,1,4.289096,,
494,36247.46,0.8656461,0.4417856,1,4.303229,,
495,36249.03,0.8651874,0.44168,1,4.317656,,
496,36250.7,0.864697,0.4415678,1,4.333081,,
497,36252.5,0.8641739,0.4414487,1,4.349533,,
498,36254.26,0.8636614,0.441333,1,4.365653,,
499,36256.23,0.8630944,0.4412062,1,4.383487,,
500,36258.04,0.8625737,0.4410901,1,4.399864,,
501,36259.66,0.8621108,0.4409873,1,4.41442,,
502,36261.21,0.8616701,0.4408899,1,4.428283,,
503,36262.75,0.8612311,0.4407932,1,4.44209,,
504,36264.35,0.8607781,0.4406936,1,4.456336,,
505,36266,0.8603157,0.4405921,1,4.47088,,
506,36267.74,0.8598273,0.4404855,1,4.486242,,
507,36269.66,0.8592922,0.4403692,1,4.503069,,
508,36271.57,0.8587611,0.4402545,1,4.519773,,
509,36273.59,0.8582031,0.4401352,1,4.537324,,
510,36275.54,0.8576666,0.4400211,1,4.554195,,
511,36277.26,0.8571943,0.4399209,1,4.569052,,
512,36278.9,0.8567473,0.4398267,1,4.58311,,
513,36280.54,0.8563027,0.4397333,1,4.597091,,
514,36282.23,0.8558441,0.4396372,1,4.611514,,
515,36283.97,0.8553753,0.4395391,1,4.626259,,
516,36285.8,0.8548836,0.4394366,1,4.641722,,
517,36287.84,0.8543381,0.4393233,1,4.658877,,
518,36289.91,0.8537869,0.4392093,1,4.676212,,
519,36292.04,0.8532234,0.439094,1,4.693934,,
520,36294.1,0.8526816,0.4389836,1,4.710972,,
521,36295.91,0.8522064,0.4388872,1,4.725917,,
522,36297.64,0.8517548,0.438796,1,4.740119,,
523,36299.38,0.8513033,0.4387053,1,4.754318,,
524,36301.18,0.850836,0.4386117,1,4.769013,,
525,36303.04,0.8503584,0.4385162,1,4.784034,,
526,36304.99,0.8498565,0.4384162,1,4.799817,,
527,36307.19,0.8492953,0.4383046,1,4.817466,,
528,36309.42,0.848727,0.438192,1,4.835338,,
529,36311.71,0.8481468,0.4380782,1,4.853582,,
530,36313.84,0.8476129,0.4379739,1,4.870373,,
531,36315.72,0.8471414,0.4378822,1,4.8852,,
532,36317.54,0.8466859,0.437794,1,4.899525,,
533,36319.39,0.846225,0.4377052,1,4.914019,,
534,36321.33,0.8457454,0.4376131,1,4.929099,,
535,36323.31,0.8452568,0.4375195,1,4.944466,,
536,36325.44,0.8447347,0.4374199,1,4.960882,,
537,36327.84,0.8441493,0.4373082,1,4.979292,,
538,36330.23,0.8435683,0.437198,1,4.997561,,
539,36332.73,0.842964,0.4370843,1,5.016564,,
540,36334.85,0.8424524,0.4369883,1,5.032652,,
541,36336.8,0.8419863,0.4369012,1,5.047309,,
542,36338.73,0.8415248,0.4368154,1,5.061823,,
543,36340.74,0.8410487,0.4367272,1,5.076794,,
544,36342.83,0.8405541,0.4366359,1,5.092346,,
545,36344.98,0.840049,0.436543,1,5.108229,,
546,36347.36,0.8394896,0.4364404,1,5.125818,,
547,36349.99,0.8388777,0.4363283,1,5.145062,,
548,36352.55,0.8382847,0.4362205,1,5.163708,,
549,36354.98,0.8377226,0.4361188,1,5.181383,,
550,36357.1,0.837237,0.4360312,1,5.196653,,
551,36359.13,0.8367713,0.4359475,1,5.211296,,
552,36361.21,0.8362981,0.4358629,1,5.226175,,
553,36363.4,0.8358012,0.4357743,1,5.241799,,
554,36365.66,0.8352922,0.4356839,1,5.257804,,
555,36368.04,0.8347558,0.435589,1,5.274672,,
556,36370.77,0.8341462,0.4354813,1,5.29384,,
557,36373.56,0.8335262,0.4353723,1,5.313334,,
558,36376.3,0.8329218,0.4352666,1,5.332338,,
559,36378.63,0.8324097,0.4351774,1,5.348441,,
560,36380.78,0.8319374,0.4350954,1,5.363292,,
561,36382.96,0.8314629,0.4350133,1,5.378213,,
562,36385.25,0.8309649,0.4349275,1,5.393873,,
563,36387.65,0.8304464,0.4348384,1,5.410173,,
564,36390.13,0.8299133,0.4347471,1,5.426937,,
565,36392.93,0.829314,0.4346448,1,5.44578,,
566,36395.97,0.8286668,0.4345346,1,5.466131,,
567,36398.93,0.8280413,0.4344287,1,5.485799,,
568,36401.46,0.8275079,0.4343389,1,5.50257,,
569,36403.74,0.8270285,0.4342584,1,5.517642,,
570,36406.04,0.8265502,0.4341783,1,5.532682,,
571,36408.45,0.8260486,0.4340946,1,5.548455,,
572,36411.01,0.8255199,0.4340066,1,5.565077,,
573,36413.63,0.8249792,0.433917,1,5.582078,,
574,36416.56,0.8243796,0.4338179,1,5.600932,,
575,36419.84,0.8237139,0.4337081,1,5.621863,,
576,36422.97,0.8230798,0.4336042,1,5.641798,,
577,36425.67,0.8225359,0.4335154,1,5.6589,,
578,36428.09,0.8220507,0.4334365,1,5.674155,,
579,36430.52,0.8215671,0.4333581,1,5.689361,,
580,36433.08,0.8210578,0.4332758,1,5.705375,,
581,36435.82,0.8205173,0.4331886,1,5.72237,,
582,36438.63,0.8199637,0.4330997,1,5.739773,,
583,36441.77,0.8193506,0.4330014,1,5.75905,,
584,36445.28,0.8186674,0.4328921,1,5.780531,,
585,36448.54,0.818038,0.4327919,1,5.80032,,
586,36451.36,0.8174959,0.4327061,1,5.817366,,
587,36453.91,0.817007,0.432629,1,5.832737,,
588,36456.49,0.8165159,0.4325518,1,5.848176,,
589,36459.24,0.8159935,0.4324698,1,5.8646,,
590,36462.18,0.8154386,0.432383,1,5.882049,,
591,36465.23,0.8148676,0.432294,1,5.900001,,
592,36468.65,0.8142277,0.4321945,1,5.920119,,
593,36472.34,0.8135434,0.4320882,1,5.941632,,
594,36475.69,0.8129257,0.4319927,1,5.961055,,
595,36478.59,0.8123948,0.431911,1,5.977746,,
596,36481.28,0.8119024,0.4318356,1,5.993228,,
597,36484.05,0.8114001,0.4317589,1,6.009021,,
598,36487.04,0.8108581,0.4316763,1,6.02606,,
599,36490.22,0.8102864,0.4315893,1,6.044034,,
600,36493.55,0.80969,0.431499,1,6.062784,,
601,36497.38,0.8090104,0.4313962,1,6.084151,,
602,36501.09,0.8083547,0.4312972,1,6.104765,,
603,36504.49,0.8077566,0.4312073,1,6.123569,,
604,36507.44,0.8072396,0.43113,1,6.139823,,
605,36510.31,0.8067411,0.4310556,1,6.155497,,
606,36513.32,0.8062203,0.4309782,1,6.171872,,
607,36516.61,0.805653,0.4308941,1,6.189706,,
608,36520.05,0.8050626,0.4308068,1,6.208268,,
609,36523.79,0.8044259,0.430713,1,6.228284,,
610,36527.98,0.8037179,0.4306088,1,6.250545,,
611,36531.73,0.8030859,0.4305159,1,6.270412,,
612,36535.1,0.8025221,0.4304334,1,6.288138,,
613,36538.16,0.8020121,0.4303592,1,6.304172,,
614,36541.25,0.8015004,0.4302849,1,6.320259,,
615,36544.6,0.8009483,0.4302049,1,6.337616,,
616,36548.24,0.800353,0.4301189,1,6.356333,,
617,36552.04,0.7997338,0.4300297,1,6.375799,,
618,36556.37,0.7990324,0.429929,1,6.39785,,
619,36560.42,0.7983805,0.4298354,1,6.418343,,
620,36564.2,0.7977759,0.4297488,1,6.437353,,
621,36567.55,0.797243,0.4296729,1,6.454106,,
622,36570.81,0.7967277,0.4295998,1,6.470305,,
623,36574.23,0.7961881,0.4295234,1,6.48727,,
624,36578.02,0.7955955,0.4294396,1,6.505899,,
625,36582.01,0.7949743,0.429352,1,6.52543,,
626,36586.39,0.7942968,0.4292569,1,6.546728,,
627,36590.81,0.7936181,0.4291617,1,6.568064,,
628,36594.89,0.7929942,0.4290743,1,6.587678,,
629,36598.59,0.7924331,0.4289959,1,6.60532,,
630,36602.07,0.7919072,0.4289229,1,6.621851,,
631,36605.64,0.7913712,0.4288485,1,6.638704,,
632,36609.56,0.7907844,0.4287672,1,6.657151,,
633,36613.79,0.790156,0.4286802,1,6.676906,,
634,36618.32,0.7894887,0.4285882,1,6.697884,,
635,36623.15,0.7887812,0.4284907,1,6.720128,,
636,36627.48,0.7881494,0.4284037,1,6.739987,,
637,36631.5,0.7875679,0.4283237,1,6.75827,,
638,36635.24,0.7870286,0.4282499,1,6.775222,,
639,36639.03,0.786487,0.4281761,1,6.79225,,
640,36643.14,0.7859008,0.4280962,1,6.810679,,
641,36647.64,0.7852641,0.4280094,1,6.830695,,
642,36652.41,0.7845936,0.4279183,1,6.851773,,
643,36657.61,0.7838691,0.4278201,1,6.874549,,
644,36662.19,0.7832333,0.4277339,1,6.894536,,
645,36666.48,0.7826421,0.4276539,1,6.913122,,
646,36670.51,0.7820904,0.4275795,1,6.930467,,
647,36674.56,0.7815378,0.4275053,1,6.947839,,
648,36678.95,0.7809437,0.4274257,1,6.966514,,
649,36683.77,0.7802951,0.4273387,1,6.986904,,
650,36688.87,0.7796131,0.4272475,1,7.008345,,
651,36694.32,0.7788897,0.427151,1,7.031086,,
652,36699.15,0.7782532,0.4270661,1,7.051094,,
653,36703.68,0.77766,0.426987,1,7.069741,,
654,36708,0.7770976,0.4269124,1,7.087423,,
655,36712.37,0.7765309,0.4268375,1,7.105237,,
656,36717.12,0.7759207,0.4267571,1,7.12442,,
657,36722.32,0.7752556,0.4266694,1,7.145328,,
658,36727.84,0.7745559,0.4265773,1,7.167324,,
659,36733.46,0.7738487,0.4264844,1,7.189557,,
660,36738.52,0.7732152,0.4264012,1,7.209471,,
661,36743.27,0.7726248,0.4263238,1,7.228032,,
662,36747.9,0.7720517,0.4262488,1,7.246046,,
663,36752.66,0.7714674,0.4261728,1,7.264416,,
664,36757.87,0.7708327,0.4260904,1,7.284366,,
665,36763.53,0.7701467,0.4260014,1,7.305931,,
666,36769.56,0.7694219,0.4259076,1,7.328716,,
667,36775.3,0.7687378,0.4258191,1,7.350221,,
668,36780.58,0.7681122,0.4257382,1,7.369888,,
669,36785.55,0.7675262,0.4256625,1,7.38831,,
670,36790.56,0.7669399,0.425587,1,7.40674,,
671,36795.8,0.766331,0.4255089,1,7.425883,,
672,36801.59,0.7656628,0.4254235,1,7.446889,,
673,36807.8,0.7649525,0.4253329,1,7.469217,,
674,36814.52,0.7641893,0.4252357,1,7.49321,,
675,36820.37,0.7635302,0.4251518,1,7.513928,,
676,36825.8,0.7629211,0.4250742,1,7.533076,,
677,36831.1,0.7623316,0.4249992,1,7.551606,,
678,36836.59,0.7617248,0.4249224,1,7.570683,,
679,36842.5,0.7610765,0.4248406,1,7.591061,,
680,36849.03,0.7603655,0.4247511,1,7.613411,,
681,36855.89,0.7596254,0.4246582,1,7.636677,,
682,36862.5,0.7589174,0.4245695,1,7.658934,,
683,36868.5,0.7582794,0.4244894,1,7.678989,,
684,36874.13,0.7576852,0.4244148,1,7.697667,,
685,36879.92,0.7570776,0.4243388,1,7.716769,,
686,36886.05,0.7564386,0.4242591,1,7.736854,,
687,36892.85,0.7557363,0.4241719,1,7.758931,,
688,36900.16,0.7549881,0.4240791,1,7.782452,,
689,36907.73,0.7542196,0.4239841,1,7.806609,,
690,36914.32,0.7535563,0.4239022,1,7.82746,,
691,36920.39,0.7529487,0.423827,1,7.84656,,
692,36926.47,0.7523444,0.4237523,1,7.865558,,
693,36932.99,0.7517015,0.4236731,1,7.885766,,
694,36940.12,0.7510045,0.4235875,1,7.907677,,
695,36947.98,0.7502429,0.4234943,1,7.931618,,
696,36956.16,0.7494586,0.4233986,1,7.956272,,
697,36963.38,0.7487712,0.4233149,1,7.977879,,
698,36969.99,0.7481466,0.4232388,1,7.997513,,
699,36976.4,0.7475447,0.4231654,1,8.016435,,
700,36983.36,0.7468972,0.4230866,1,8.03679,,
701,36990.96,0.7461954,0.4230014,1,8.058851,,
702,36999.43,0.7454205,0.4229077,1,8.08321,,
703,37008.25,0.7446221,0.4228115,1,8.108307,,
704,37016.11,0.7439171,0.4227269,1,8.130467,,
705,37023.29,0.7432783,0.4226501,1,8.150548,,
706,37030.11,0.742675,0.4225776,1,8.169513,,
707,37037.56,0.7420218,0.4224991,1,8.190045,,
708,37045.81,0.7413052,0.4224132,1,8.212572,,
709,37055.02,0.7405132,0.4223186,1,8.237469,,
710,37064.64,0.7396943,0.4222211,1,8.263211,,
711,37073.09,0.7389814,0.4221365,1,8.285618,,
712,37080.81,0.7383354,0.4220599,1,8.305925,,
713,37088.15,0.7377267,0.4219877,1,8.32506,,
714,37096.24,0.7370612,0.4219087,1,8.34598,,
715,37105.34,0.7363192,0.4218209,1,8.369304,,
716,37115.48,0.7355012,0.4217242,1,8.395018,,
717,37125.75,0.734682,0.4216278,1,8.420768,,
718,37134.77,0.7339694,0.4215442,1,8.443168,,
719,37143.01,0.7333243,0.4214686,1,8.463446,,
720,37150.98,0.7327052,0.421396,1,8.482905,,
721,37159.93,0.7320166,0.4213154,1,8.504554,,
722,37170.16,0.7312372,0.4212243,1,8.529052,,
723,37181.48,0.7303853,0.4211248,1,8.555832,,
724,37192.01,0.7296005,0.4210335,1,8.5805,,
725,37201.62,0.7288924,0.4209513,1,8.602758,,
726,37210.35,0.7282541,0.4208773,1,8.622823,,
727,37219.16,0.7276157,0.4208034,1,8.64289,,
728,37229.3,0.7268888,0.4207193,1,8.66574,,
729,37241.02,0.7260583,0.4206234,1,8.691846,,
730,37253.69,0.7251721,0.4205211,1,8.719702,,
731,37264.53,0.7244217,0.4204347,1,8.743289,,
732,37274.67,0.7237268,0.4203549,1,8.765135,,
733,37283.99,0.723094,0.4202823,1,8.785026,,
734,37294.07,0.7224164,0.4202046,1,8.806324,,
735,37305.99,0.7216248,0.4201141,1,8.831206,,
736,37319.66,0.7207288,0.4200117,1,8.859372,,
737,37332.11,0.719922,0.4199196,1,8.884733,,
738,37343.57,0.719188,0.4198359,1,8.907805,,
739,37354.11,0.71852,0.4197599,1,8.928802,,
740,37364.5,0.7178679,0.4196858,1,8.949302,,
741,37376.43,0.7171278,0.4196018,1,8.972564,,
742,37390.74,0.7162519,0.4195026,1,9.000098,,
743,37405.45,0.7153642,0.4194022,1,9.028003,,
744,37418.13,0.7146076,0.4193167,1,9.051785,,
745,37430.23,0.7138944,0.4192362,1,9.074203,,
746,37441.42,0.7132414,0.4191626,1,9.094727,,
747,37453.71,0.7125325,0.4190828,1,9.11701,,
748,37468.46,0.7116935,0.4189884,1,9.143383,,
749,37485.79,0.710724,0.4188797,1,9.173859,,
750,37499.89,0.7099451,0.4187925,1,9.198341,,
751,37513.49,0.709203,0.4187093,1,9.221669,,
752,37525.94,0.7085318,0.4186342,1,9.242768,,
753,37539.06,0.7078325,0.418556,1,9.26475,,
754,37554.63,0.7070143,0.4184646,1,9.290469,,
755,37572.54,0.7060885,0.4183614,1,9.319568,,
756,37588.46,0.7052776,0.4182712,1,9.345057,,
757,37603.57,0.7045182,0.4181867,1,9.368929,,
758,37617.64,0.7038198,0.4181091,1,9.390882,,
759,37631.79,0.7031264,0.418032,1,9.412678,,
760,37648.32,0.7023285,0.4179434,1,9.437758,,
761,37668.14,0.7013877,0.4178392,1,9.467329,,
762,37686.15,0.700547,0.4177462,1,9.493754,,
763,37702.94,0.6997749,0.4176609,1,9.518025,,
764,37718.92,0.69905,0.4175808,1,9.540811,,
765,37734.51,0.6983522,0.4175037,1,9.562746,,
766,37752.6,0.6975554,0.4174157,1,9.587792,,
767,37774.3,0.6966169,0.4173122,1,9.61729,,
768,37794.46,0.6957605,0.4172179,1,9.644209,,
769,37813.21,0.6949768,0.4171318,1,9.668844,,
770,37831.35,0.6942303,0.4170497,1,9.69231,,
771,37848.84,0.6935211,0.4169718,1,9.714602,,
772,37869.14,0.6927122,0.4168828,1,9.740029,,
773,37893.5,0.6917611,0.4167782,1,9.769924,,
774,37915.78,0.6909073,0.4166846,1,9.79676,,
775,37936.98,0.6901096,0.4165972,1,9.821836,,
776,37957.57,0.6893479,0.4165138,1,9.845777,,
777,37977.61,0.6886192,0.4164341,1,9.868682,,
778,38001.05,0.6877829,0.4163425,1,9.894971,,
779,38029.18,0.686802,0.4162349,1,9.925801,,
780,38053.69,0.6859647,0.4161433,1,9.952121,,
781,38078.11,0.6851471,0.416054,1,9.977822,,
782,38101.49,0.6843793,0.4159702,1,10.00195,,
783,38125.15,0.6836172,0.415887,1,10.02591,,
784,38153.28,0.6827313,0.4157902,1,10.05376,,
785,38183.5,0.6818025,0.4156886,1,10.08295,,
786,38210.91,0.6809781,0.4155985,1,10.10886,,
787,38239.58,0.6801357,0.4155065,1,10.13535,,
788,38266.49,0.6793619,0.4154221,1,10.15967,,
789,38295.38,0.6785502,0.4153336,1,10.18518,,
790,38330.05,0.6776023,0.4152302,1,10.21498,,
791,38362.42,0.6767393,0.4151359,1,10.2421,,
792,38394.7,0.6759003,0.4150442,1,10.26848,,
793,38428.49,0.6750448,0.4149507,1,10.29537,,
794,38460.63,0.6742514,0.4148641,1,10.32031,,
795,38497.4,0.6733694,0.414768,1,10.34803,,
796,38537.69,0.6724322,0.4146657,1,10.37749,,
797,38574.32,0.671604,0.4145751,1,10.40352,,
798,38614.82,0.6707157,0.4144778,1,10.43144,,
799,38654.42,0.6698731,0.4143856,1,10.45793,,
800,38695.97,0.6690165,0.4142919,1,10.48485,,
801,38745.01,0.6680427,0.4141855,1,10.51546,,
802,38788.79,0.6672013,0.4140935,1,10.54191,,
803,38835.68,0.6663309,0.413998,1,10.56927,,
804,38886.72,0.6654184,0.4138976,1,10.59795,,
805,38936.51,0.6645607,0.4138033,1,10.62491,,
806,38994.44,0.6636047,0.4136982,1,10.65496,,
807,39049.1,0.6627386,0.4136029,1,10.68219,,
808,39104.58,0.6618944,0.4135096,1,10.70872,,
809,39170.38,0.6609389,0.4134035,1,10.73876,,
810,39234.01,0.6600562,0.4133053,1,10.7665,,
811,39306.93,0.6590967,0.4131985,1,10.79666,,
812,39377.91,0.6582098,0.4131,1,10.82454,,
813,39448.1,0.6573758,0.4130072,1,10.85075,,
814,39532.33,0.6564319,0.4129012,1,10.88043,,
815,39618.99,0.6555171,0.412798,1,10.90918,,
816,39716.65,0.6545541,0.4126894,1,10.93945,,
817,39814.19,0.6536568,0.4125886,1,10.96766,,
818,39911.72,0.6528194,0.4124945,1,10.99398,,
819,40028.76,0.651891,0.4123892,1,11.02316,,
820,40155.23,0.6509681,0.4122834,1,11.05217,,
821,40298.93,0.6500149,0.4121741,1,11.08213,,
822,40448.42,0.6491198,0.4120721,1,11.11027,,
823,40605.62,0.6482753,0.4119764,1,11.13681,,
824,40794.27,0.6473802,0.4118737,1,11.16495,,
825,41007.67,0.6464939,0.4117702,1,11.19281,,
826,41256.81,0.6456068,0.4116665,1,11.2207,,
827,41549.25,0.6447422,0.4115671,1,11.24787,,
828,41892.15,0.6439294,0.4114742,1,11.27342,,
829,42303.62,0.6431732,0.411386,1,11.29719,,
830,42797.39,0.6424897,0.4113043,1,11.31868,,
831,43389.91,0.6418955,0.411234,1,11.33736,,
832,44100.94,0.6414058,0.4111782,1,11.35275,,
833,44954.17,0.6410299,0.4111367,1,11.36456,,
834,45978.04,0.640764,0.4111074,1,11.37292,,
835,47206.7,0.6405924,0.4110879,1,11.37832,,
836,48681.08,0.6404919,0.4110758,1,11.38148,,
837,50450.34,0.6404389,0.4110691,1,11.38314,,
838,52573.46,0.6404138,0.4110657,1,11.38393,,
839,54000,0.6404055,0.4110646,1,11.38419,,
840,54000.1,0.6404055,0.4110646,1,11.38419,,
841,54000.22,0.6403234,0.4096071,1,11.38683,,
842,54000.22,0.6403224,0.4095884,1,11.38686,,
843,54000.22,0.6403211,0.4095663,1,11.3869,,
844,54000.23,0.6403195,0.4095405,1,11.38695,,
845,54000.23,0.6403177,0.4095102,1,11.38701,,
846,54000.23,0.6403155,0.4094749,1,11.38708,,
847,54000.24,0.6403128,0.4094339,1,11.38717,,
848,54000.24,0.6403096,0.4093864,1,11.38727,,
849,54000.25,0.6403058,0.4093317,1,11.3874,,
850,54000.25,0.6403012,0.4092689,1,11.38754,,
851,54000.26,0.6402956,0.4091971,1,11.38772,,
852,54000.27,0.640289,0.4091153,1,11.38793,,
853,54000.28,0.6402811,0.4090222,1,11.38819,,
854,54000.3,0.6402715,0.4089167,1,11.3885,,
855,54000.31,0.6402601,0.4087972,1,11.38886,,
856,54000.33,0.6402463,0.4086621,1,11.3893,,
857,54000.36,0.6402299,0.4085098,1,11.38983,,
858,54000.39,0.6402101,0.4083383,1,11.39047,,
859,54000.42,0.6401863,0.4081459,1,11.39123,,
860,54000.46,0.6401578,0.4079307,1,11.39214,,
861,54000.51,0.6401237,0.4076908,1,11.39324,,
862,54000.57,0.6400827,0.407424,1,11.39455,,
863,54000.64,0.6400334,0.407128,1,11.39613,,
864,54000.73,0.6399744,0.4068002,1,11.39802,,
865,54000.83,0.6399035,0.4064376,1,11.40028,,
866,54000.96,0.6398185,0.4060369,1,11.403,,
867,54001.11,0.6397165,0.4055944,1,11.40626,,
868,54001.29,0.6395942,0.4051065,1,11.41016,,
869,54001.5,0.6394475,0.4045697,1,11.41484,,
870,54001.76,0.6392717,0.4039803,1,11.42045,,
871,54002.07,0.6390609,0.403335,1,11.42716,,
872,54002.44,0.6388084,0.4026303,1,11.43519,,
873,54002.89,0.638506,0.4018626,1,11.4448,,
874,54003.42,0.6381441,0.4010286,1,11.45629,,
875,54004.06,0.6377114,0.4001247,1,11.47002,,
876,54004.83,0.6371943,0.3991476,1,11.48641,,
877,54005.76,0.6365772,0.3980935,1,11.50596,,
878,54006.87,0.6358414,0.3969581,1,11.52925,,
879,54008.2,0.6349656,0.3957373,1,11.55695,,
880,54009.79,0.6339247,0.3944269,1,11.58985,,
881,54011.71,0.6326902,0.393023,1,11.62886,,
882,54014.01,0.6312292,0.3915216,1,11.67499,,
883,54016.77,0.629505,0.3899186,1,11.7294,,
884,54020.08,0.6274764,0.3882106,1,11.7934,,
885,54023.99,0.6251355,0.3864207,1,11.86722,,
886,54027.96,0.622811,0.384775,1,11.9405,,
887,54031.88,0.6205631,0.3832749,1,12.01135,,
888,54035.86,0.6183311,0.3818698,1,12.08168,,
889,54039.68,0.6162292,0.3806185,1,12.1479,,
890,54043.56,0.6141353,0.3794361,1,12.21387,,
891,54047.39,0.6121084,0.3783477,1,12.27771,,
892,54050.99,0.6102379,0.3773891,1,12.33663,,
893,54054.47,0.6084518,0.3765128,1,12.39288,,
894,54057.82,0.6067656,0.3757175,1,12.44598,,
895,54061.08,0.6051433,0.3749801,1,12.49706,,
896,54064.17,0.6036261,0.3743136,1,12.54483,,
897,54067.35,0.6020858,0.3736596,1,12.59332,,
898,54070.34,0.6006562,0.3730712,1,12.63833,,
899,54073.07,0.5993683,0.3725553,1,12.67887,,
900,54075.85,0.5980662,0.3720474,1,12.71986,,
901,54078.72,0.5967386,0.3715431,1,12.76165,,
902,54081.48,0.5954776,0.3710759,1,12.80134,,
903,54083.91,0.5943762,0.3706758,1,12.83601,,
904,54086.05,0.5934138,0.370331,1,12.8663,,
905,54088.1,0.5924965,0.3700064,1,12.89517,,
906,54090.53,0.5914222,0.3696321,1,12.92898,,
907,54093.16,0.5902709,0.3692372,1,12.96521,,
908,54095.78,0.5891332,0.3688527,1,13.00102,,
909,54097.85,0.5882387,0.3685539,1,13.02916,,
910,54099.9,0.587365,0.3682656,1,13.05666,,
911,54102,0.5864707,0.3679742,1,13.0848,,
912,54103.93,0.5856577,0.3677121,1,13.11038,,
913,54105.86,0.5848517,0.367455,1,13.13574,,
914,54107.88,0.5840087,0.3671889,1,13.16227,,
915,54109.99,0.5831399,0.3669175,1,13.18961,,
916,54112.35,0.5821712,0.3666184,1,13.22009,,
917,54114.7,0.5812154,0.3663266,1,13.25016,,
918,54116.69,0.580411,0.3660832,1,13.27547,,
919,54118.58,0.5796542,0.3658563,1,13.29928,,
920,54120.32,0.5789586,0.3656494,1,13.32116,,
921,54121.96,0.5783078,0.3654573,1,13.34164,,
922,54123.73,0.5776096,0.3652532,1,13.36361,,
923,54125.47,0.5769261,0.3650548,1,13.38511,,
924,54127.31,0.5762112,0.3648492,1,13.4076,,
925,54129.29,0.575445,0.3646306,1,13.43171,,
926,54131.39,0.5746367,0.3644019,1,13.45714,,
927,54133.68,0.5737602,0.3641564,1,13.48471,,
928,54135.76,0.5729691,0.3639366,1,13.5096,,
929,54137.67,0.5722483,0.3637379,1,13.53228,,
930,54139.49,0.5715685,0.3635518,1,13.55366,,
931,54141.15,0.5709469,0.3633828,1,13.57322,,
932,54142.8,0.5703338,0.363217,1,13.59251,,
933,54144.39,0.5697472,0.3630594,1,13.61096,,
934,54145.92,0.569185,0.3629092,1,13.62864,,
935,54147.57,0.5685799,0.3627486,1,13.64768,,
936,54149.37,0.5679251,0.362576,1,13.66828,,
937,54151.27,0.5672386,0.3623962,1,13.68987,,
938,54153.33,0.5664987,0.3622037,1,13.71315,,
939,54155.49,0.5657277000000001,0.3620047,1,13.7374,,
940,54157.79,0.5649159,0.3617967,1,13.76293,,
941,54159.74,0.5642282,0.3616217,1,13.78457,,
942,54161.52,0.5636027,0.3614634,1,13.80424,,
943,54163.26,0.5629958,0.3613107,1,13.82333,,
944,54164.94,0.5624121,0.3611647,1,13.8417,,
945,54166.53,0.5618639,0.3610282,1,13.85894,,
946,54168.14,0.5613112,0.3608913,1,13.87632,,
947,54169.7,0.560779,0.3607602,1,13.89306,,
948,54171.23,0.5602586,0.3606325,1,13.90943,,
949,54172.97,0.5596692,0.3604887,1,13.92797,,
950,54174.9,0.5590178,0.3603306,1,13.94846,,
951,54176.95,0.5583342,0.3601657,1,13.96996,,
952,54179.18,0.5575938,0.3599881,1,13.99325,,
953,54181.52,0.5568219,0.3598041,1,14.01753,,
954,54183.85,0.556058,0.3596231,1,14.04156,,
955,54185.75,0.5554388,0.3594772,1,14.06103,,
956,54187.49,0.5548733,0.3593446,1,14.07882,,
957,54189.2,0.5543223,0.3592159,1,14.09615,,
958,54190.9,0.5537747,0.3590887,1,14.11337,,
959,54192.52,0.5532564,0.3589688,1,14.12967,,
960,54194.14,0.552743,0.3588504,1,14.14582,,
961,54195.77,0.5522257,0.3587317,1,14.16209,,
962,54197.33,0.5517356,0.3586196,1,14.17751,,
963,54199.08,0.5511864,0.3584946,1,14.19478,,
964,54201.17,0.5505369,0.3583475,1,14.21521,,
965,54203.36,0.5498566,0.3581941,1,14.2366,,
966,54205.72,0.5491341,0.358032,1,14.25933,,
967,54208.25,0.5483608,0.3578595,1,14.28365,,
968,54210.62,0.5476407,0.3576996,1,14.3063,,
969,54212.72,0.5470089,0.35756,1,14.32617,,
970,54214.53,0.5464665,0.3574406,1,14.34323,,
971,54216.25,0.545951,0.3573275,1,14.35944,,
972,54217.98,0.5454384,0.3572155,1,14.37556,,
973,54219.72,0.5449243,0.3571036,1,14.39173,,
974,54221.38,0.5444344,0.3569973,1,14.40714,,
975,54223.06,0.543942,0.3568908,1,14.42262,,
976,54224.77,0.5434453,0.3567836,1,14.43824,,
977,54226.4,0.542972,0.3566816,1,14.45313,,
978,54228.27,0.5424333,0.3565658,1,14.47007,,
979,54230.5,0.5417937,0.3564288,1,14.49019,,
980,54232.86,0.5411226,0.3562853,1,14.51129,,
981,54235.4,0.5404062,0.3561326,1,14.53382,,
982,54238.14,0.5396389,0.3559696,1,14.55795,,
983,54240.62,0.538947,0.3558229,1,14.57971,,
984,54242.81,0.5383397,0.3556945,1,14.59881,,
985,54244.72,0.5378143,0.3555837,1,14.61533,,
986,54246.56,0.5373099,0.3554775,1,14.6312,,
987,54248.42,0.5368045,0.3553713,1,14.64709,,
988,54250.28,0.536298,0.3552651,1,14.66302,,
989,54252.07,0.5358151,0.3551642,1,14.6782,,
990,54253.9,0.5353252,0.355062,1,14.69361,,
991,54255.74,0.5348346,0.3549598,1,14.70904,,
992,54257.5,0.5343652,0.3548623,1,14.7238,,
993,54259.58,0.5338178,0.3547489,1,14.74101,,
994,54262.06,0.5331679,0.3546146,1,14.76145,,
995,54264.67,0.5324891,0.3544746,1,14.7828,,
996,54267.48,0.5317626,0.3543251,1,14.80565,,
997,54270.45,0.5310016,0.354169,1,14.82958,,
998,54273.08,0.5303325,0.354032,1,14.85062,,
999,54275.39,0.5297491,0.3539128,1,14.86897,,
1000,54277.43,0.5292356,0.3538081,1,14.88511,,
1001,54279.42,0.5287366,0.3537066,1,14.90081,,
1002,54281.46,0.5282315,0.3536039,1,14.91669,,
1003,54283.49,0.5277284,0.3535019,1,14.93251,,
1004,54285.45,0.5272474,0.3534045,1,14.94764,,
1005,54287.47,0.5267529,0.3533046,1,14.96319,,
1006,54289.47,0.5262666,0.3532065,1,14.97848,,
1007,54291.42,0.5257939,0.3531114,1,14.99335,,
1008,54293.77,0.5252306,0.3529982,1,15.01106,,
1009,54296.58,0.52456,0.3528638,1,15.03215,,
1010,54299.53,0.5238635,0.3527245,1,15.05405,,
1011,54302.72,0.5231161,0.3525753,1,15.07756,,
1012,54305.82,0.5223951,0.3524317,1,15.10023,,
1013,54308.64,0.5217459,0.3523027,1,15.12064,,
1014,54311.08,0.5211863,0.3521916,1,15.13824,,
1015,54313.3,0.5206805,0.3520914,1,15.15415,,
1016,54315.49,0.5201824,0.3519929,1,15.16981,,
1017,54317.76,0.5196727,0.3518923,1,15.18584,,
1018,54320,0.5191714,0.3517935,1,15.2016,,
1019,54322.18,0.5186863,0.351698,1,15.21686,,
1020,54324.45,0.5181831,0.351599,1,15.23268,,
1021,54326.65,0.5177005,0.3515043,1,15.24786,,
1022,54328.87,0.5172158,0.3514092,1,15.2631,,
1023,54331.53,0.5166385,0.3512962,1,15.28125,,
1024,54334.73,0.515952,0.3511619,1,15.30284,,
1025,54338.12,0.5152312,0.3510211,1,15.32551,,
1026,54341.79,0.5144574,0.3508703,1,15.34984,,
1027,54345.08,0.5137689,0.3507362,1,15.37149,,
1028,54348.12,0.5131395,0.3506139,1,15.39128,,
1029,54350.72,0.5126026,0.3505096,1,15.40817,,
1030,54353.18,0.5121002,0.3504122,1,15.42397,,
1031,54355.65,0.5115976,0.3503149,1,15.43977,,
1032,54358.21,0.5110799,0.3502148,1,15.45605,,
1033,54360.71,0.5105793,0.3501181,1,15.47179,,
1034,54363.19,0.5100831,0.3500224,1,15.48739,,
1035,54365.79,0.5095699,0.3499234,1,15.50353,,
1036,54368.23,0.5090897,0.3498309,1,15.51863,,
1037,54370.86,0.5085767,0.3497322,1,15.53476,,
1038,54374.02,0.5079666,0.3496148,1,15.55395,,
1039,54377.8,0.507242,0.3494756,1,15.57673,,
1040,54381.78,0.5064884,0.3493308,1,15.60043,,
1041,54385.82,0.5057317,0.3491856,1,15.62423,,
1042,54389.39,0.5050675,0.3490582,1,15.64511,,
1043,54392.65,0.5044658,0.3489429,1,15.66403,,
1044,54395.49,0.5039464,0.3488434,1,15.68037,,
1045,54398.26,0.5034429,0.3487471,1,15.6962,,
1046,54401.11,0.5029288,0.3486488,1,15.71237,,
1047,54404.05,0.5024028,0.3485484,1,15.72891,,
1048,54406.87,0.5019007,0.3484525,1,15.74469,,
1049,54409.8,0.5013851,0.3483541,1,15.76091,,
1050,54412.76,0.5008674,0.3482553,1,15.77719,,
1051,54415.56,0.5003823,0.3481628,1,15.79244,,
1052,54418.89,0.4998086,0.3480534,1,15.81048,,
1053,54422.9,0.4991276,0.3479234,1,15.8319,,
1054,54427.45,0.4983619,0.3477773,1,15.85597,,
1055,54432.25,0.4975656,0.3476254,1,15.88101,,
1056,54436.48,0.4968701,0.3474926,1,15.90288,,
1057,54440.44,0.496226,0.3473697,1,15.92314,,
1058,54443.9,0.4956668,0.347263,1,15.94072,,
1059,54447.11,0.4951539,0.3471651,1,15.95685,,
1060,54450.33,0.4946417,0.3470674,1,15.97296,,
1061,54453.73,0.4941067,0.3469653,1,15.98978,,
1062,54457.11,0.493579,0.3468647,1,16.00638,,
1063,54460.44,0.4930636,0.3467663,1,16.02258,,
1064,54463.98,0.4925213,0.3466628,1,16.03964,,
1065,54467.32,0.4920133,0.3465657,1,16.05561,,
1066,54470.75,0.491497,0.3464671,1,16.07184,,
1067,54474.87,0.4908844,0.3463498,1,16.09111,,
1068,54479.81,0.4901586,0.3462108,1,16.11393,,
1069,54485.36,0.4893553,0.3460566,1,16.13919,,
1070,54490.66,0.4885971,0.3459109,1,16.16304,,
1071,54495.36,0.4879318,0.345783,1,16.18396,,
1072,54499.77,0.4873151,0.3456643,1,16.20335,,
1073,54503.61,0.4867826,0.3455617,1,16.22009,,
1074,54507.37,0.4862646,0.3454619,1,16.23638,,
1075,54511.28,0.4857323,0.3453593,1,16.25312,,
1076,54515.4,0.4851775,0.3452522,1,16.27057,,
1077,54519.38,0.4846473,0.3451497,1,16.28724,,
1078,54523.52,0.4841009,0.345044,1,16.30442,,
1079,54527.8,0.4835429,0.3449358,1,16.32197,,
1080,54531.73,0.4830354,0.3448373,1,16.33793,,
1081,54536.31,0.4824514,0.3447236,1,16.35629,,
1082,54541.8,0.4817605,0.3445888,1,16.37802,,
1083,54548.4,0.480945,0.3444292,1,16.40366,,
1084,54555.28,0.4801079,0.3442649,1,16.42999,,
1085,54561.01,0.4794194,0.3441295,1,16.45164,,
1086,54566.48,0.4787716,0.3440018,1,16.47201,,
1087,54571.3,0.4782056,0.34389,1,16.48981,,
1088,54575.87,0.4776756,0.3437852,1,16.50647,,
1089,54580.55,0.4771388,0.3436789,1,16.52335,,
1090,54585.57,0.4765695,0.3435659,1,16.54126,,
1091,54590.59,0.4760066,0.3434538,1,16.55896,,
1092,54595.59,0.475454,0.3433435,1,16.57634,,
1093,54601.03,0.4748615,0.3432249,1,16.59497,,
1094,54606.08,0.4743181,0.3431158,1,16.61206,,
1095,54611.28,0.4737657,0.3430045,1,16.62943,,
1096,54617.53,0.4731132,0.3428723,1,16.64995,,
1097,54625.02,0.4723443,0.3427155,1,16.67413,,
1098,54633.87,0.4714555,0.3425329,1,16.70208,,
1099,54641.27,0.4707238,0.3423817,1,16.72509,,
1100,54648.15,0.4700546,0.3422427,1,16.74613,,
1101,54654.55,0.46944,0.3421144,1,16.76546,,
1102,54660.33,0.4688925,0.3419996,1,16.78268,,
1103,54666.21,0.4683422,0.3418837,1,16.79998,,
1104,54672.5,0.4677626,0.3417611,1,16.81821,,
1105,54679.17,0.4671575,0.3416324,1,16.83724,,
1106,54685.6,0.4665836,0.3415096,1,16.85529,,
1107,54692.59,0.4659707,0.3413776,1,16.87457,,
1108,54699.72,0.465355,0.3412441,1,16.89393,,
1109,54706.2,0.4648056,0.3411242,1,16.91121,,
1110,54713.98,0.4641589,0.3409819,1,16.93155,,
1111,54723.31,0.4633996,0.3408133,1,16.95543,,
1112,54734.51,0.462511,0.340614,1,16.98337,,
1113,54744.71,0.4617191,0.3404348,1,17.00828,,
1114,54753.83,0.4610248,0.3402765,1,17.03011,,
1115,54762.71,0.460361,0.3401242,1,17.05099,,
1116,54770.55,0.4597848,0.3399912,1,17.06911,,
1117,54778.49,0.4592106,0.3398579,1,17.08717,,
1118,54786.94,0.4586108,0.3397176,1,17.10604,,
1119,54796.27,0.4579621,0.3395646,1,17.12644,,
1120,54805.53,0.457332,0.3394146,1,17.14626,,
1121,54815.03,0.4567002,0.3392627,1,17.16613,,
1122,54825.74,0.4560047,0.3390937,1,17.18801,,
1123,54835.32,0.4553969,0.3389444,1,17.20712,,
1124,54845.65,0.4547579,0.3387857,1,17.22722,,
1125,54858.04,0.4540121,0.3385981,1,17.25068,,
1126,54872.92,0.4531446,0.3383768,1,17.27797,,
1127,54888.83,0.4522458,0.3381444,1,17.30624,,
1128,54902.47,0.4514962,0.3379483,1,17.32982,,
1129,54915.97,0.4507734,0.3377571,1,17.35255,,
1130,54928.34,0.450126,0.3375843,1,17.37292,,
1131,54940.22,0.4495185,0.3374206,1,17.39203,,
1132,54953.22,0.4488711,0.3372441,1,17.4124,,
1133,54967.8,0.4481667,0.3370494,1,17.43455,,
1134,54983.64,0.4474261,0.3368416,1,17.45785,,
1135,54998.84,0.4467375,0.3366454,1,17.47952,,
1136,55016.4,0.4459719,0.3364232,1,17.5036,,
1137,55035.18,0.4451842,0.3361901,1,17.52839,,
1138,55051.5,0.4445241,0.3359911,1,17.54915,,
1139,55071.08,0.4437635,0.3357571,1,17.57308,,
1140,55094.58,0.4428901,0.3354825,1,17.60056,,
1141,55122.77,0.4418925,0.3351618,1,17.63195,,
1142,55149.36,0.4409941,0.3348669,1,17.66022,,
1143,55174.99,0.4401653,0.3345893,1,17.6863,,
1144,55201.95,0.4393306,0.3343044,1,17.71257,,
1145,55225.7,0.4386222,0.3340587,1,17.73486,,
1146,55251.61,0.4378819,0.3337967,1,17.75816,,
1147,55282.22,0.4370524,0.3334955,1,17.78426,,
1148,55318.79,0.4361218,0.3331468,1,17.81355,,
1149,55359.47,0.435153,0.3327719,1,17.84405,,
1150,55399.51,0.4342606,0.3324146,1,17.87214,,
1151,55447.57,0.4332713,0.3320019,1,17.90328,,
1152,55505.24,0.4321826,0.3315279,1,17.93755,,
1153,55558.21,0.4312606,0.3311093,1,17.96658,,
1154,55621.78,0.4302555,0.3306294,1,17.99823,,
1155,55695.94,0.4291862,0.3300973,1,18.03191,,
1156,55784.93,0.428025,0.329495,1,18.06848,,
1157,55891.73,0.4267784,0.3288187,1,18.10774,,
1158,56019.88,0.4254589,0.3280542,1,18.14931,,
1159,56173.66,0.4240852,0.327197,1,18.19259,,
1160,56358.19,0.4226734,0.3262494,1,18.23709,,
1161,56579.64,0.4212308,0.3252183,1,18.28257,,
1162,56845.37,0.4197691,0.3241148,1,18.32865,,
1163,57164.25,0.4183127,0.3229537,1,18.37458,,
1164,57546.91,0.4168768,0.3217513,1,18.41987,,
1165,58006.09,0.4154722,0.3205245,1,18.46419,,
1166,58557.12,0.4141077,0.3192882,1,18.50724,,
1167,59218.34,0.4127907,0.3180555,1,18.54881,,
1168,60011.82,0.4115275,0.3168366,1,18.58868,,
1169,60963.99,0.4103239,0.31564,1,18.62667,,
1170,62106.59,0.4091852,0.3144728,1,18.66262,,
1171,63477.72,0.4081157,0.3133727,1,18.6964,,
1172,65123.06,0.4071173,0.3124022,1,18.72792,,
1173,67097.48,0.4061891,0.3114958,1,18.75722,,
1174,69466.78,0.4053285,0.3106261,1,18.78439,,
1175,72000,0.4046021,0.3098577,1,18.80732,,
1176,72000.1,0.4046021,0.3098576,1,18.80733,,
1177,72000.22,0.404567,0.3098549,1,18.80843,,
1178,72000.22,0.4045667,0.3098549,1,18.80843,,
1179,72000.22,0.4045664,0.3098549,1,18.80845,,
1180,72000.22,0.404566,0.3098549,1,18.80846,,
1181,72000.23,0.4045656,0.3098548,1,18.80847,,
1182,72000.23,0.404565,0.3098548,1,18.80849,,
1183,72000.23,0.4045643,0.3098547,1,18.80851,,
1184,72000.23,0.4045635,0.3098547,1,18.80854,,
1185,72000.24,0.4045625,0.3098546,1,18.80857,,
1186,72000.24,0.4045613,0.3098545,1,18.80861,,
1187,72000.24,0.4045599,0.3098544,1,18.80865,,
1188,72000.25,0.4045582,0.3098543,1,18.8087,,
1189,72000.26,0.4045562,0.3098541,1,18.80877,,
1190,72000.27,0.4045537,0.3098539,1,18.80884,,
1191,72000.28,0.4045508,0.3098537,1,18.80894,,
1192,72000.29,0.4045473,0.3098534,1,18.80905,,
1193,72000.3,0.4045431,0.3098531,1,18.80918,,
1194,72000.32,0.404538,0.3098527,1,18.80934,,
1195,72000.34,0.404532,0.3098523,1,18.80953,,
1196,72000.37,0.4045247,0.3098517,1,18.80976,,
1197,72000.4,0.4045159,0.3098511,1,18.81003,,
1198,72000.43,0.4045055,0.3098503,1,18.81036,,
1199,72000.47,0.4044929,0.3098494,1,18.81075,,
1200,72000.53,0.4044779,0.3098483,1,18.81123,,
1201,72000.59,0.4044599,0.3098469,1,18.81179,,
1202,72000.66,0.4044383,0.3098454,1,18.81247,,
1203,72000.75,0.4044124,0.3098435,1,18.81328,,
1204,72000.86,0.4043814,0.3098413,1,18.81426,,
1205,72000.99,0.4043443,0.3098388,1,18.81542,,
1206,72001.14,0.4042999,0.3098357,1,18.81682,,
1207,72001.33,0.4042468,0.3098322,1,18.81849,,
1208,72001.55,0.4041833,0.3098281,1,18.82048,,
1209,72001.82,0.4041075,0.3098233,1,18.82286,,
1210,72002.14,0.4040169,0.3098178,1,18.82571,,
1211,72002.53,0.403909,0.3098115,1,18.8291,,
1212,72002.99,0.4037804,0.3098043,1,18.83314,,
1213,72003.54,0.4036275,0.3097962,1,18.83794,,
1214,72004.21,0.4034458,0.309787,1,18.84365,,
1215,72005.01,0.4032303,0.3097769,1,18.85042,,
1216,72005.96,0.402975,0.3097656,1,18.85844,,
1217,72007.11,0.402673,0.3097532,1,18.86793,,
1218,72008.49,0.4023165,0.3097396,1,18.87913,,
1219,72010.15,0.4018965,0.3097247,1,18.89233,,
1220,72012.14,0.4014027,0.3097083,1,18.90784,,
1221,72014.52,0.4008233,0.3096904,1,18.92605,,
1222,72017.38,0.4001454,0.3096707,1,18.94734,,
1223,72020.81,0.3993547,0.309649,1,18.97219,,
1224,72024.61,0.3985049,0.3096269,1,18.99888,,
1225,72027.35,0.3979056,0.3096118,1,19.01771,,
1226,72029.99,0.3973381,0.3095978,1,19.03554,,
1227,72032.56,0.3967983,0.3095849,1,19.0525,,
1228,72035.11,0.3962726,0.3095724,1,19.06902,,
1229,72037.8,0.3957274,0.3095598,1,19.08615,,
1230,72041.02,0.3950854,0.3095453,1,19.10632,,
1231,72043.57,0.3945868,0.3095341,1,19.12198,,
1232,72045.96,0.3941238,0.3095239,1,19.13653,,
1233,72048.01,0.3937311,0.3095154,1,19.14887,,
1234,72050.18,0.3933234,0.3095066,1,19.16168,,
1235,72052.4,0.3929107,0.3094977,1,19.17464,,
1236,72054.5,0.3925249,0.3094895,1,19.18676,,
1237,72056.59,0.3921464,0.3094815,1,19.19866,,
1238,72058.64,0.3917799,0.3094738,1,19.21017,,
1239,72060.67,0.3914218,0.3094663,1,19.22142,,
1240,72062.82,0.3910476,0.3094585,1,19.23318,,
1241,72065.02,0.3906721,0.3094507,1,19.24498,,
1242,72067.25,0.390298,0.3094429,1,19.25673,,
1243,72069.56,0.3899169,0.309435,1,19.2687,,
1244,72071.82,0.3895494,0.3094273,1,19.28025,,
1245,72074.11,0.3891852,0.3094197,1,19.29169,,
1246,72076.56,0.3888014,0.3094117,1,19.30375,,
1247,72079.5,0.3883485,0.3094022,1,19.31798,,
1248,72082.98,0.3878215,0.3093912,1,19.33454,,
1249,72085.73,0.387412,0.3093827,1,19.3474,,
1250,72088.01,0.3870755,0.3093757,1,19.35797,,
1251,72090.23,0.3867516,0.3093689,1,19.36815,,
1252,72092.52,0.3864225,0.3093621,1,19.37849,,
1253,72094.91,0.386083,0.309355,1,19.38916,,
1254,72097.21,0.3857596,0.3093482,1,19.39932,,
1255,72099.57,0.3854326,0.3093414,1,19.40959,,
1256,72102.07,0.3850905,0.3093342,1,19.42034,,
1257,72104.36,0.3847815,0.3093277,1,19.43005,,
1258,72106.8,0.3844578,0.3093209,1,19.44022,,
1259,72109.5,0.384105,0.3093134,1,19.4513,,
1260,72112.14,0.3837665,0.3093061,1,19.46194,,
1261,72114.79,0.3834311,0.3092989,1,19.47248,,
1262,72117.47,0.3830978,0.3092918,1,19.48295,,
1263,72120.11,0.3827759,0.3092848,1,19.49306,,
1264,72122.92,0.382439,0.3092774,1,19.50365,,
1265,72125.91,0.3820892,0.3092696,1,19.51464,,
1266,72128.94,0.3817414,0.3092619,1,19.52557,,
1267,72132.15,0.3813838,0.3092537,1,19.5368,,
1268,72135.43,0.3810262,0.3092455,1,19.54804,,
1269,72138.66,0.3806824,0.3092375,1,19.55884,,
1270,72142.25,0.380309,0.3092287,1,19.57057,,
1271,72146.56,0.3798709,0.3092183,1,19.58434,,
1272,72150.98,0.3794319,0.3092078,1,19.59813,,
1273,72154.74,0.3790648,0.3091989,1,19.60966,,
1274,72158.34,0.3787187,0.3091905,1,19.62054,,
1275,72161.66,0.378405,0.3091828,1,19.63039,,
1276,72164.77,0.3781154,0.3091756,1,19.63949,,
1277,72168.04,0.3778149,0.3091681,1,19.64893,,
1278,72171.59,0.3774959,0.3091601,1,19.65895,,
1279,72175.31,0.3771681,0.3091518,1,19.66925,,
1280,72178.89,0.3768583,0.3091438,1,19.67899,,
1281,72182.81,0.3765262,0.3091352,1,19.68942,,
1282,72186.86,0.3761902,0.3091264,1,19.69998,,
1283,72190.57,0.375889,0.3091184,1,19.70944,,
1284,72194.89,0.3755475,0.3091092,1,19.72017,,
1285,72199.61,0.3751849,0.3090992,1,19.73157,,
1286,72204.19,0.3748431,0.3090896,1,19.74231,,
1287,72208.9,0.3745003,0.3090799,1,19.75308,,
1288,72213.67,0.3741627,0.3090701,1,19.76368,,
1289,72218.47,0.373834,0.3090604,1,19.77401,,
1290,72223.82,0.37348,0.3090497,1,19.78513,,
1291,72229.57,0.3731148,0.3090383,1,19.79661,,
1292,72235.53,0.3727511,0.3090266,1,19.80804,,
1293,72242.05,0.3723719,0.309014,1,19.81995,,
1294,72248.86,0.3719934,0.309001,1,19.83184,,
1295,72255.74,0.3716293,0.308988,1,19.84329,,
1296,72263.58,0.3712315,0.3089734,1,19.85579,,
1297,72272.99,0.3707739,0.3089561,1,19.87016,,
1298,72281.94,0.3703555,0.3089399,1,19.88331,,
1299,72290.04,0.3699896,0.3089254,1,19.89481,,
1300,72298.26,0.369631,0.3089108,1,19.90607,,
1301,72305.99,0.3693034,0.3088972,1,19.91637,,
1302,72313.26,0.369005,0.3088846,1,19.92574,,
1303,72321.4,0.3686834,0.3088706,1,19.93585,,
1304,72330.65,0.3683338,0.3088549,1,19.94683,,
1305,72340.91,0.3679631,0.3088376,1,19.95848,,
1306,72350.82,0.3676216,0.3088212,1,19.96921,,
1307,72361.93,0.3672585,0.308803,1,19.98062,,
1308,72374.8,0.36686,0.3087823,1,19.99315,,
1309,72386.33,0.3665222,0.3087639,1,20.00376,,
1310,72399.99,0.3661497,0.3087425,1,20.01547,,
1311,72416.39,0.3657373,0.3087172,1,20.02843,,
1312,72434.54,0.3653175,0.3086897,1,20.04162,,
1313,72453.7,0.364911,0.3086612,1,20.05439,,
1314,72475.46,0.3644902,0.3086295,1,20.06762,,
1315,72499.1,0.3640761,0.3085956,1,20.08063,,
1316,72526,0.3636578,0.3085579,1,20.09378,,
1317,72558.28,0.36322,0.3085138,1,20.10754,,
1318,72597.02,0.3627677,0.3084623,1,20.12176,,
1319,72643.51,0.3623072,0.3084024,1,20.13623,,
1320,72699.29,0.3618446,0.3083329,1,20.15078,,
1321,72766.23,0.3613831,0.3082526,1,20.16529,,
1322,72846.55,0.3609227,0.3081602,1,20.17976,,
1323,72942.95,0.3604614,0.3080543,1,20.19427,,
1324,73058.61,0.3599969,0.3079335,1,20.20888,,
1325,73197.42,0.3595273,0.3077963,1,20.22366,,
1326,73363.98,0.3590519,0.3076413,1,20.23861,,
1327,73563.86,0.3585707,0.3074669,1,20.25375,,
1328,73803.71,0.3580843,0.307272,1,20.26906,,
1329,74091.53,0.3575932,0.3070553,1,20.28453,,
1330,74436.92,0.3570971,0.3068159,1,20.30014,,
1331,74851.39,0.3565951,0.3065531,1,20.31596,,
1332,75348.75,0.3560852,0.3062667,1,20.33202,,
1333,75945.57,0.355565,0.3059572,1,20.3484,,
1334,76661.77,0.3550324,0.3056255,1,20.36519,,
1335,77521.21,0.3544854,0.3052734,1,20.38242,,
1336,78552.53,0.3539232,0.3049037,1,20.40013,,
1337,79790.11,0.3533468,0.3045198,1,20.4183,,
1338,81275.22,0.3527592,0.3041264,1,20.43682,,
1339,83057.34,0.3521669,0.3037289,1,20.45548,,
1340,85195.89,0.3515797,0.3033334,1,20.47398,,
1341,87762.15,0.3510086,0.3029466,1,20.49198,,
1342,90000,0.3505893,0.3026618,1,20.5052,,
1343,90000.1,0.3505892,0.3026618,1,20.5052,,
1344,90000.22,0.3505384,0.3026616,1,20.50679,,
1345,90000.22,0.3505383,0.3026616,1,20.5068,,
1346,90000.22,0.3505382,0.3026616,1,20.5068,,
1347,90000.22,0.350538,0.3026616,1,20.50681,,
1348,90000.22,0.3505378,0.3026616,1,20.50681,,
1349,90000.22,0.3505375,0.3026616,1,20.50682,,
1350,90000.22,0.3505372,0.3026616,1,20.50683,,
1351,90000.22,0.3505368,0.3026616,1,20.50684,,
1352,90000.22,0.3505364,0.3026616,1,20.50686,,
1353,90000.23,0.3505359,0.3026616,1,20.50687,,
1354,90000.23,0.3505352,0.3026616,1,20.50689,,
1355,90000.23,0.3505345,0.3026616,1,20.50692,,
1356,90000.23,0.3505335,0.3026616,1,20.50695,,
1357,90000.23,0.3505324,0.3026616,1,20.50698,,
1358,90000.24,0.3505311,0.3026616,1,20.50702,,
1359,90000.24,0.3505295,0.3026616,1,20.50707,,
1360,90000.25,0.3505276,0.3026616,1,20.50713,,
1361,90000.25,0.3505253,0.3026615,1,20.50721,,
1362,90000.26,0.3505226,0.3026615,1,20.50729,,
1363,90000.27,0.3505193,0.3026615,1,20.5074,,
1364,90000.27,0.3505153,0.3026615,1,20.50752,,
1365,90000.29,0.3505106,0.3026615,1,20.50767,,
1366,90000.3,0.3505049,0.3026615,1,20.50785,,
1367,90000.32,0.3504981,0.3026615,1,20.50806,,
1368,90000.34,0.3504899,0.3026614,1,20.50832,,
1369,90000.36,0.3504801,0.3026614,1,20.50863,,
1370,90000.39,0.3504683,0.3026614,1,20.50899,,
1371,90000.42,0.3504543,0.3026613,1,20.50944,,
1372,90000.46,0.3504375,0.3026612,1,20.50997,,
1373,90000.51,0.3504173,0.3026612,1,20.5106,,
1374,90000.57,0.3503932,0.3026611,1,20.51136,,
1375,90000.64,0.3503644,0.302661,1,20.51226,,
1376,90000.72,0.3503299,0.3026609,1,20.51335,,
1377,90000.82,0.3502887,0.3026607,1,20.51464,,
1378,90000.94,0.3502395,0.3026606,1,20.51619,,
1379,90001.08,0.3501807,0.3026603,1,20.51803,,
1380,90001.26,0.3501107,0.3026601,1,20.52023,,
1381,90001.47,0.3500273,0.3026598,1,20.52285,,
1382,90001.72,0.349928,0.3026594,1,20.52597,,
1383,90002.02,0.3498099,0.302659,1,20.52968,,
1384,90002.37,0.3496698,0.3026585,1,20.53408,,
1385,90002.8,0.3495052,0.3026579,1,20.53925,,
1386,90003.31,0.3493106,0.3026572,1,20.54537,,
1387,90003.93,0.3490809,0.3026563,1,20.55258,,
1388,90004.66,0.3488105,0.3026553,1,20.56108,,
1389,90005.55,0.3484932,0.302654,1,20.57105,,
1390,90006.52,0.3481536,0.3026526,1,20.58171,,
1391,90007.48,0.347824,0.3026513,1,20.59207,,
1392,90008.46,0.3474997,0.3026499,1,20.60226,,
1393,90009.47,0.3471704,0.3026485,1,20.6126,,
1394,90010.65,0.346792,0.3026469,1,20.62449,,
1395,90012.07,0.3463438,0.3026449,1,20.63857,,
1396,90013.03,0.3460434,0.3026436,1,20.64801,,
1397,90013.91,0.3457716,0.3026424,1,20.65655,,
1398,90014.75,0.345515,0.3026413,1,20.66461,,
1399,90015.54,0.3452759,0.3026402,1,20.67212,,
1400,90016.29,0.3450472,0.3026392,1,20.67931,,
1401,90017.03,0.344828,0.3026382,1,20.68619,,
1402,90017.75,0.3446141,0.3026372,1,20.69291,,
1403,90018.49,0.3443991,0.3026362,1,20.69967,,
1404,90019.22,0.3441859,0.3026352,1,20.70637,,
1405,90019.96,0.3439736,0.3026342,1,20.71303,,
1406,90020.71,0.3437617,0.3026332,1,20.71969,,
1407,90021.45,0.3435554,0.3026322,1,20.72617,,
1408,90022.18,0.3433516,0.3026312,1,20.73257,,
1409,90022.93,0.3431484,0.3026302,1,20.73896,,
1410,90023.67,0.3429476,0.3026292,1,20.74527,,
1411,90024.43,0.3427477,0.3026283,1,20.75155,,
1412,90025.19,0.3425478,0.3026272,1,20.75783,,
1413,90025.97,0.3423474,0.3026262,1,20.76412,,
1414,90026.75,0.3421479,0.3026252,1,20.77039,,
1415,90027.56,0.3419478,0.3026241,1,20.77668,,
1416,90028.39,0.341744,0.302623,1,20.78308,,
1417,90029.24,0.3415408,0.3026219,1,20.78947,,
1418,90030.11,0.3413374,0.3026208,1,20.79585,,
1419,90031.01,0.3411315,0.3026196,1,20.80232,,
1420,90031.95,0.3409215,0.3026184,1,20.80892,,
1421,90032.92,0.3407093,0.3026172,1,20.81559,,
1422,90033.93,0.340497,0.3026159,1,20.82226,,
1423,90034.98,0.3402816,0.3026145,1,20.82902,,
1424,90036.08,0.3400654,0.3026131,1,20.83582,,
1425,90037.21,0.3398503,0.3026117,1,20.84257,,
1426,90038.39,0.3396333,0.3026102,1,20.84937,,
1427,90039.7,0.3393877,0.3026085,1,20.85684,,
1428,90041.28,0.3390935,0.3026065,1,20.86566,,
1429,90042.54,0.338862,0.302605,1,20.87257,,
1430,90043.67,0.3386548,0.3026036,1,20.87873,,
1431,90044.75,0.3384566,0.3026022,1,20.8846,,
1432,90045.77,0.3382726,0.3026009,1,20.89005,,
1433,90046.77,0.3380928,0.3025997,1,20.89538,,
1434,90047.79,0.3379119,0.3025984,1,20.90074,,
1435,90048.85,0.3377275,0.3025971,1,20.9062,,
1436,90049.89,0.337547,0.3025959,1,20.91154,,
1437,90050.93,0.3373694,0.3025946,1,20.91679,,
1438,90052,0.3371875,0.3025933,1,20.92217,,
1439,90053.04,0.3370135,0.302592,1,20.92731,,
1440,90054.1,0.3368401,0.3025907,1,20.93245,,
1441,90055.23,0.3366569,0.3025894,1,20.93787,,
1442,90056.36,0.3364761,0.302588,1,20.94322,,
1443,90057.5,0.3362976,0.3025866,1,20.9485,,
1444,90058.64,0.3361197,0.3025852,1,20.95376,,
1445,90059.79,0.3359451,0.3025839,1,20.95893,,
1446,90060.97,0.3357677,0.3025824,1,20.96419,,
1447,90062.22,0.3355852,0.302581,1,20.9696,,
1448,90063.49,0.3354024,0.3025795,1,20.97502,,
1449,90064.81,0.3352176,0.3025779,1,20.9805,,
1450,90066.16,0.3350316,0.3025763,1,20.98601,,
1451,90067.51,0.3348508,0.3025747,1,20.99137,,
1452,90068.9,0.3346685,0.3025731,1,20.99678,,
1453,90070.35,0.3344839,0.3025714,1,21.00226,,
1454,90071.84,0.3342996,0.3025697,1,21.00773,,
1455,90073.39,0.3341134,0.3025679,1,21.01327,,
1456,90075.02,0.3339247,0.302566,1,21.01888,,
1457,90076.73,0.333733,0.302564,1,21.02459,,
1458,90078.5,0.3335416,0.302562,1,21.03029,,
1459,90080.38,0.333348,0.3025599,1,21.03606,,
1460,90082.42,0.3331468,0.3025575,1,21.04207,,
1461,90084.57,0.3329451,0.3025551,1,21.0481,,
1462,90086.84,0.3327422,0.3025526,1,21.05417,,
1463,90089.32,0.3325342,0.3025498,1,21.0604,,
1464,90092.05,0.3323206,0.3025468,1,21.06681,,
1465,90095.03,0.3321028,0.3025435,1,21.07335,,
1466,90098.26,0.3318861,0.30254,1,21.07986,,
1467,90101.9,0.3316563,0.302536,1,21.08664,,
1468,90106.26,0.3313768,0.3025314,1,21.09441,,
1469,90109.58,0.3311688,0.3025278,1,21.10011,,
1470,90112.54,0.3309882,0.3025247,1,21.10505,,
1471,90115.54,0.3308091,0.3025215,1,21.10991,,
1472,90118.43,0.3306397,0.3025185,1,21.11447,,
1473,90121.16,0.3304849,0.3025156,1,21.11867,,
1474,90124.15,0.3303224,0.3025126,1,21.12309,,
1475,90127.44,0.3301513,0.3025092,1,21.12777,,
1476,90131,0.329972,0.3025055,1,21.13264,,
1477,90134.46,0.3298059,0.302502,1,21.13717,,
1478,90138.23,0.3296344,0.3024982,1,21.14187,,
1479,90142.37,0.3294516,0.3024941,1,21.14682,,
1480,90146.19,0.3292925,0.3024903,1,21.15117,,
1481,90150.63,0.3291218,0.3024859,1,21.1559,,
1482,90155.95,0.3289298,0.3024807,1,21.16119,,
1483,90161.39,0.3287464,0.3024754,1,21.16624,,
1484,90167.14,0.3285665,0.3024699,1,21.17121,,
1485,90173.39,0.3283839,0.302464,1,21.17625,,
1486,90180,0.3282068,0.3024578,1,21.18116,,
1487,90187.57,0.328025,0.3024508,1,21.18625,,
1488,90196.65,0.3278312,0.3024425,1,21.19171,,
1489,90207.56,0.3276277,0.3024327,1,21.19747,,
1490,90220.64,0.3274196,0.3024212,1,21.20342,,
1491,90236.34,0.3272102,0.3024077,1,21.20946,,
1492,90255.18,0.3269997,0.3023919,1,21.21556,,
1493,90277.79,0.3267903,0.3023735,1,21.22168,,
1494,90304.92,0.3265863,0.3023523,1,21.22771,,
1495,90337.47,0.3263887,0.3023277,1,21.23363,,
1496,90376.54,0.3261958,0.3022995,1,21.23947,,
1497,90423.42,0.3260057,0.3022672,1,21.24527,,
1498,90479.68,0.3258163,0.3022306,1,21.25108,,
1499,90547.18,0.3256261,0.3021893,1,21.25695,,
1500,90628.19,0.3254339,0.3021429,1,21.2629,,
1501,90725.4,0.3252391,0.3020911,1,21.26895,,
1502,90842.06,0.3250414,0.3020339,1,21.27511,,
1503,90982.04,0.3248408,0.3019709,1,21.28137,,
1504,91150.02,0.3246376,0.3019023,1,21.28771,,
1505,91351.59,0.3244324,0.3018282,1,21.29413,,
1506,91593.48,0.3242258,0.3017489,1,21.3006,,
1507,91883.75,0.3240181,0.3016649,1,21.30712,,
1508,92232.08,0.3238082,0.301577,1,21.3137,,
1509,92650.06,0.3235941,0.3014861,1,21.32042,,
1510,93151.65,0.3233724,0.3013932,1,21.32739,,
1511,93753.55,0.3231396,0.3012996,1,21.33472,,
1512,94475.83,0.3228925,0.3012066,1,21.34249,,
1513,95342.57,0.3226295,0.3011153,1,21.35076,,
1514,96382.66,0.3223499,0.3010269,1,21.35956,,
1515,97630.76,0.3220544,0.3009423,1,21.36886,,
1516,99128.49,0.3217446,0.3008622,1,21.3786,,
1517,100925.8,0.3214232,0.3007871,1,21.38871,,
1518,103082.5,0.3210934,0.3007172,1,21.39909,,
1519,105670.5,0.3207587,0.3006526,1,21.40962,,
1520,108000,0.3204964,0.3006055,1,21.41787,,
